{"epoch": 89, "train_loss": [6.142377622273504, 5.3589377670871965, 5.081903820135156, 4.8655164412089755, 4.692364935972253, 4.546451279095241, 4.417638939254138, 4.306647415063819, 4.2057834109481504, 4.109625339508057, 4.018520785837757, 3.9355396944649366, 3.8548124931296526, 3.774320843268414, 3.6966263372070935, 3.6237664271374137, 3.549502040658678, 3.4810516931572737, 3.40373333254639, 3.333524359732258, 3.2641338499224917, 3.1907296922742105, 3.121045093147122, 3.0464014715077927, 2.9778102113276113, 2.905379424289781, 2.834690692473431, 2.7655936722852745, 2.697238405140079, 2.635663081188591, 2.569625909231147, 2.5087310513671564, 2.447046851625248, 2.391769308216718, 2.333821279661996, 2.282137099577456, 2.2293310372196897, 2.182029897461132, 2.134149440697261, 2.088450642264619, 2.0438742230133133, 2.001188792744461, 1.9623779125359593, 1.9240542333953234, 1.887502603993124, 1.8524194305040398, 1.820895407272845, 1.790249571508291, 1.7592340020500883, 1.7284646259278666, 1.7012484992037014, 1.6757390772809788, 1.649223885365895, 1.6267375958209136, 1.6047395820520363, 1.5813702010378545, 1.5606646476959696, 1.5392589502188625, 1.5234375389254824, 1.5041198925096162, 1.4868911498663377, 1.4714068612273858, 1.4568709919647294, 1.440999143585867, 1.4271385323028176, 1.4186285302347066, 1.4042294670124442, 1.3932122813195598, 1.3827241945023439, 1.3703646550373154, 1.3631499725945142, 1.3537229944248588, 1.3486559445760689, 1.338243241212806, 1.3322875907226486, 1.3256055755274636, 1.3198418075941047, 1.3160630227351675, 1.3132189944082377, 1.3086370600729573, 1.3053952826529134, 1.3012715036771736, 1.2999385972412265, 1.296431922182745, 1.2964149932472073, 1.2952238692312825, 1.2940657820020403, 1.294969238188802, 1.2924022479933135, 1.2974246205115805], "valid_loss": [5.513807909829276, 5.207750184195382, 4.991768836975098, 4.832733699253628, 4.730492183140346, 4.611704417637417, 4.528336661202567, 4.47511237008231, 4.402625969478062, 4.364637511117118, 4.334901128496442, 4.301531110491071, 4.291599614279611, 4.262104170663016, 4.236436230795724, 4.243598801749093, 4.260692323957171, 4.247756617409842, 4.271793842315674, 4.266568286078317, 4.299221106937954, 4.276812791824341, 4.341943945203509, 4.358579431261335, 4.3713981083461215, 4.428324018205915, 4.462593214852469, 4.480236530303955, 4.565842764718192, 4.598035471779959, 4.641163008553641, 4.717202322823661, 4.735597133636475, 4.790746348244803, 4.867481367928641, 4.946239539555141, 4.960552079336984, 5.00297212600708, 5.048267228262765, 5.105946472712925, 5.136046818324497, 5.187092576708112, 5.245218685695103, 5.263751915522984, 5.279207842690604, 5.359862191336496, 5.3989627701895575, 5.396751131330218, 5.4508450371878485, 5.488864694322858, 5.521538257598877, 5.5537212916782925, 5.607257979256766, 5.596411023821149, 5.656026499611991, 5.6320832797459195, 5.674587045397077, 5.705250126974923, 5.681754997798374, 5.7251193182809015, 5.7283187593732565, 5.796269689287458, 5.7200084413800925, 5.77154929297311, 5.751292773655483, 5.791655267987933, 5.832893099103655, 5.755354268210275, 5.838184492928641, 5.846576350075858, 5.81126206261771, 5.819035598209926, 5.817665168217251, 5.867163181304932, 5.8040178162711005, 5.813524109976632, 5.825807503291538, 5.847353867122105, 5.855339935847691, 5.803311961037772, 5.808822086879185, 5.810144901275635, 5.845242840903146, 5.839197158813477, 5.81401743207659, 5.835777759552002, 5.865927491869245, 5.789308479854038, 5.78927401133946, 5.799704687935965], "train_metric": [0.08113433411267339, 0.04643964872399155, 0.0388947490956832, 0.03321620715082908, 0.028708795072594467, 0.025055423323956407, 0.022007051787084463, 0.019478126587998273, 0.017361188407430842, 0.015511344573570306, 0.013939614971475405, 0.012543361906713369, 0.011377955497181628, 0.010295005013001299, 0.0093592592372056, 0.008536020721124143, 0.007797549819495329, 0.00712842786516462, 0.006528621524110132, 0.006008904267467381, 0.005521213230989417, 0.005083734918478381, 0.004681688403693997, 0.004321434672608667, 0.003999968460936866, 0.0036994742156048212, 0.0034176855523245673, 0.0031855114170813415, 0.002965086742712527, 0.0027597030298753653, 0.0025789176754075654, 0.0024135111224894623, 0.002256848135062539, 0.002119716991968478, 0.0019873190902812013, 0.0018761255976618553, 0.0017634809887165925, 0.0016663756907716089, 0.001573049407869543, 0.0014831258871572145, 0.0014015599702329052, 0.0013245762625453104, 0.0012577208135565933, 0.0011938996217688736, 0.0011307450583306364, 0.0010803251186682255, 0.0010307597595908794, 0.0009771361768488981, 0.0009356184589951826, 0.0008918209427781241, 0.0008525931744624427, 0.0008184588325266935, 0.0007820128961485259, 0.0007452994817616988, 0.0007203098274736989, 0.0006906758580997367, 0.0006676268803343481, 0.00064165107972781, 0.0006200810017694488, 0.0005989542106096292, 0.0005801601253237044, 0.0005592018532266422, 0.0005429010738145635, 0.0005265459411971423, 0.0005146815975164484, 0.0005015963717934978, 0.0004859349554412219, 0.0004784564179790263, 0.00046784487232869986, 0.0004560373197769632, 0.000451097529858959, 0.0004411428895288584, 0.0004324123600780945, 0.00042589041057898076, 0.00042219901873140917, 0.0004179322237871131, 0.0004088396489690277, 0.00041028401385573906, 0.0004062522771407147, 0.00039844593121080984, 0.00039572516447569666, 0.00039642455149670034, 0.00039464604307784296, 0.00039364504930924395, 0.00038885689253709754, 0.0003940734670590313, 0.00039128852387447803, 0.0003927620233808245, 0.000393210649044584, 0.00039654021545332306], "valid_metric": [0.05162107815175268, 0.043497257053819204, 0.03819804639583082, 0.03400979179695131, 0.03080316807641157, 0.02811649446650493, 0.02609473332080536, 0.02442121409300299, 0.022655972752375603, 0.021661701963368224, 0.020949167503024488, 0.019743158572253595, 0.019325520409711867, 0.01859576615762965, 0.018193290347144717, 0.017912675668527413, 0.017682647985622142, 0.01772596345576409, 0.017052291530658927, 0.016851791105500082, 0.017052669914401308, 0.017058382491939184, 0.017486866310822392, 0.018139174283043954, 0.018053675513207024, 0.018619083748908798, 0.01926766995407023, 0.019899883785763302, 0.021547233166337824, 0.021791006278676087, 0.022649990501901775, 0.02290392018434076, 0.02693504470962662, 0.02797491424639099, 0.02994008142296324, 0.033610186302436146, 0.033869102128750044, 0.0374526072784609, 0.041188982966893474, 0.040729210249179644, 0.041108731246866884, 0.04145245973755713, 0.04951397691892556, 0.05127947337926804, 0.050694722861002246, 0.05654170658246935, 0.06590431817951262, 0.058743325549246835, 0.057476503091999046, 0.061633297134177784, 0.06768458387960864, 0.06739055481349793, 0.06892850973694217, 0.06639462986683271, 0.07305645193109445, 0.06838041299580432, 0.07746842460260603, 0.07313081503221273, 0.07817652962360779, 0.07923862508474673, 0.07613695498489462, 0.0887786849804454, 0.0763343892392921, 0.08534285820106917, 0.07814821922553333, 0.07607642761331465, 0.08533452814785648, 0.07086074753354678, 0.08250793426171409, 0.09126746389308732, 0.08121397758718141, 0.07989916386773512, 0.08552003507338853, 0.08269786326230767, 0.08133170858510476, 0.0789497320782198, 0.08894013946471484, 0.08970558768270821, 0.08903063454814727, 0.07658958329854587, 0.08626823754932188, 0.07959385763351741, 0.08666783743295671, 0.08850290670533416, 0.08900942261505267, 0.08827565062197282, 0.09541155349947464, 0.07633434224816933, 0.07494770154551475, 0.07490690132782156], "bleu_score": 0.012688175078723583}