{"epoch": 199, "train_loss": [0.13987197564288517, 0.11586028864550278, 0.10923544613555008, 0.10576864208326589, 0.10374982264624932, 0.1022184060715692, 0.10093502768652929, 0.09998421631265415, 0.09884217023589205, 0.09797357292805176, 0.09680857929079814, 0.09597075619942236, 0.09503420855540896, 0.09430600452240898, 0.09340288102887083, 0.09265800373522996, 0.0918328119482536, 0.09125602560923089, 0.09042813423939668, 0.08964426841538026, 0.08919442890773173, 0.08847374387703608, 0.08778081844076839, 0.08720354195765533, 0.0868029373994821, 0.08634448539481933, 0.08572226216178794, 0.08532121909302395, 0.08463771094661612, 0.08421269078702386, 0.0837972223368274, 0.08355573291471431, 0.08295858856371917, 0.08274445355784424, 0.08230517905482038, 0.08209542972422063, 0.08165654675083389, 0.08142485300396207, 0.08129874356579052, 0.08091422687711675, 0.08046050418542462, 0.08026308668818016, 0.08016926743187759, 0.07982489554512448, 0.07950616536832793, 0.07942101879931954, 0.07916022020526328, 0.07900305762561648, 0.07880891291790654, 0.07868386570803464, 0.0784373453708455, 0.07831696590091464, 0.07807342709737573, 0.07790057920732874, 0.07785204685736431, 0.07763110341984111, 0.07754533056283622, 0.07742657201714391, 0.07716610157398678, 0.07708606899890837, 0.07719268186188681, 0.07686138862345417, 0.07693443333477953, 0.0769528367406156, 0.07653755964670639, 0.07656194635679107, 0.07642136802124144, 0.07638987952509822, 0.07607668486940287, 0.07636794617082354, 0.07580061827879805, 0.07593805339659146, 0.07587660639241793, 0.07560975818719927, 0.07579331721411, 0.07551328696343056, 0.07593462593430515, 0.0756702058700495, 0.0753930386920423, 0.0756585305825071, 0.0753728568261107, 0.0752127328196207, 0.07526702943001772, 0.07542033475624421, 0.07510336278632739, 0.07498060087124334, 0.07525094670109353, 0.07503360893788817, 0.0746851199383819, 0.07486728668277962, 0.07478574381970422, 0.07486413830818048, 0.07473625171132484, 0.07487563060100422, 0.07471555103771552, 0.07486005015183224, 0.07449265971259258, 0.07461384171416666, 0.0745404687543363, 0.07486007051892156, 0.07446553009891614, 0.07440673961714886, 0.07420126677340295, 0.07435848765628307, 0.07446973458518108, 0.0744353985682325, 0.07416049960398778, 0.07432269890625924, 0.07417115639065551, 0.07442017098050971, 0.07417413289760398, 0.07381835383033648, 0.07437487021413954, 0.07407244102923631, 0.07407322877359182, 0.07392707537030029, 0.0739223142052842, 0.0737734596737087, 0.07376961091199817, 0.07413170690034154, 0.07402368999334402, 0.07409056137808025, 0.07387219169319457, 0.07380281411534313, 0.07404209268340377, 0.07402789508151175, 0.07375640924775966, 0.07443242671383, 0.07414020601188251, 0.07369024516388319, 0.07390558067302516, 0.07347142169308975, 0.07358620493107487, 0.07397118321412516, 0.07381644314683682, 0.07339211904716283, 0.07369283537937564, 0.07356931080464192, 0.0737171638187623, 0.0732846999272509, 0.07358901035121955, 0.07342942221716502, 0.07334186045623763, 0.07329683988375435, 0.07331220124030738, 0.07341214853408035, 0.07361842402334297, 0.07341932049875176, 0.07318624597059066, 0.0731259281848716, 0.07335761337496308, 0.07321629857066937, 0.07306060478026169, 0.0736301933053279, 0.07349206978967616, 0.0734993519188275, 0.07313948516697343, 0.07305979378944401, 0.07316940918760008, 0.07311514797559472, 0.07347825595775546, 0.07323098888693938, 0.07334205041350757, 0.07281909442169177, 0.07327000214413264, 0.07355079671376137, 0.07350715547474711, 0.07310250891152949, 0.07336978790020839, 0.07335891843037314, 0.07313278055542421, 0.07310847716820813, 0.07315266132354736, 0.07280831956446952, 0.07338339806123592, 0.07285839935772805, 0.07300139693583985, 0.0730970863854781, 0.07333608262859057, 0.07295870185549082, 0.07327912106914812, 0.07277485949503802, 0.07298386609385107, 0.07288290203984127, 0.07259852515623039, 0.07270301636064418, 0.07307011840710473, 0.07321533020667113, 0.07281359314397953, 0.07327062410493605, 0.07266643771893593, 0.07259970909903664, 0.07246438387830184, 0.0728594245608717, 0.07248231438374936, 0.0728453732538952, 0.07288476465245522, 0.07287092855013094, 0.07291182340427778, 0.07260566300765396],