{"epoch": 19, "train_loss": [5.517354013968487, 4.458010551880817, 3.8942927572191977, 3.423100551780389, 2.9803498545471503, 2.5527501763129723, 2.147652017218726, 1.7744693172221282, 1.444182456147914, 1.1582867381524067, 0.9114306851917383, 0.7128318837102579, 0.5466497172506488, 0.41352421440640275, 0.30805122958762304, 0.23085951386969916, 0.1693121811413035, 0.12475963921419211, 0.09044603505456934, 0.066355693838274], "valid_loss": [4.803603989737375, 4.335786206381662, 4.1365654809134345, 4.0779290199279785, 4.107659782682147, 4.193545273372105, 4.333533491407122, 4.481942926134382, 4.6595370428902765, 4.873454707009452, 5.0732325826372415, 5.272621154785156, 5.4492155483790805, 5.663141999925886, 5.8238871438162665, 5.9907306262425015, 6.12547983442034, 6.272305761064802, 6.407712595803397, 6.54102577481951], "train_metric": [0.1706744294458506, 0.06120927419857103, 0.02372325908427336, 0.00962622338742626, 0.004050038230662443, 0.0017549035174801693, 0.0007967867694582258, 0.0003849664393866414, 0.00018577803375769634, 9.173777737206007e-05, 4.485278898224244e-05, 2.6010963676535353e-05, 1.4721276406286368e-05, 7.000039855961047e-06, 4.951074803748571e-06, 3.0262111038995944e-06, 6.143941731912009e-06, 1.7974766114327524e-06, 1.1924728764249582e-06, 6.797445196397781e-07], "valid_metric": [0.09838267735072545, 0.051629245138755726, 0.036809588469308756, 0.030564123358132977, 0.027479356736640627, 0.025853073581612096, 0.024936078641975293, 0.02570273565400017, 0.02596083474654576, 0.027114884470683463, 0.028701698764717565, 0.029981363299664908, 0.03121458657810543, 0.032969978895010285, 0.03413763254919261, 0.03582720678504457, 0.036328730764667826, 0.03705130168720518, 0.03931072113772135, 0.040594748307466726], "bleu_score": 0.07467777778462388}