{"epoch": 59, "train_loss": [5.821556823594229, 5.08167412086409, 4.8166065872931965, 4.62632975286367, 4.466799159439242, 4.330284848505137, 4.208448212973925, 4.092119272874326, 3.974666024957384, 3.866267220098145, 3.758323511298822, 3.6525557941319993, 3.5529084935480233, 3.446710214322927, 3.3449947907000173, 3.246082230490081, 3.1474538165695813, 3.0497755834034512, 2.9599274859136466, 2.862528153828212, 2.773102265231463, 2.6854164636864954, 2.6011864628110613, 2.521867266723088, 2.4432938463833866, 2.3720059382672214, 2.3008962151955585, 2.2356600238352407, 2.172344087337961, 2.1149549849179325, 2.0556096720452213, 2.004130276490231, 1.9551852199496056, 1.9072963637965066, 1.8624116389118894, 1.8186641007053608, 1.779024982938961, 1.7420139939201122, 1.7068949761439343, 1.6745328872787708, 1.640638796042423, 1.6102626281125205, 1.5850188440206099, 1.5572498197458229, 1.5312897228464788, 1.5066669224476328, 1.4850625341035881, 1.4641106457126385, 1.4432094249190117, 1.4235663018664535, 1.4065327492295479, 1.390294927115343, 1.3772200406814108, 1.362353008620593, 1.3502224878389009, 1.3354516412530626, 1.3253249647665997, 1.3157302378391733, 1.3051357062495486, 1.2958162232321135], "valid_loss": [5.251754420144217, 4.9814543042864114, 4.84974479675293, 4.731453895568848, 4.691510745457241, 4.6153983388628275, 4.591349806104388, 4.556990759713309, 4.552563054221017, 4.537348542894636, 4.545446055276053, 4.556358064923968, 4.577041149139404, 4.6022564343043735, 4.632649285452707, 4.673671858651297, 4.698340688432966, 4.74169785635812, 4.806181635175433, 4.862175941467285, 4.8963814462934225, 4.970899718148368, 5.022096565791538, 5.092101505824497, 5.1370391845703125, 5.210659776415143, 5.2602356501988, 5.31860876083374, 5.381637641361782, 5.4461847714015414, 5.511670861925397, 5.5287178584507535, 5.594624246869769, 5.61087567465646, 5.649209908076695, 5.716318879808698, 5.7672431128365655, 5.772945199693952, 5.8483573368617465, 5.833240236554827, 5.897747448512486, 5.926071848188128, 5.958687850407192, 5.959355558667864, 5.979700974055699, 5.983181817190988, 6.016971451895578, 6.053131852831159, 6.082948820931571, 6.069587366921561, 6.104843207768032, 6.104341643197196, 6.108162198747907, 6.093157155173166, 6.152816295623779, 6.1410707746233255, 6.145420687539237, 6.143418516431536, 6.150862557547433, 6.142558029719761], "train_metric": [0.06953428242384077, 0.038295247279575895, 0.029305551679961534, 0.023390398777553015, 0.019111731663918007, 0.0158978989793169, 0.013357283784516004, 0.011347286991975746, 0.009731853904238173, 0.008406662985354054, 0.0073155006688954876, 0.006445550752680708, 0.005702946295446279, 0.005087516268563993, 0.0045625290820063375, 0.004131474581684436, 0.0037379677168537582, 0.0034051180685477217, 0.0031271906350583446, 0.0028610775416839573, 0.002649637353382628, 0.0024444167702580497, 0.002253202865131795, 0.0020920988003035445, 0.001952315724431252, 0.0018143625660331881, 0.0016885431943620955, 0.001576848341107651, 0.0014712377330235072, 0.0013790110400899581, 0.0012895028641759132, 0.0012104861506637263, 0.0011367916671126527, 0.0010667154765657497, 0.001007871957895707, 0.0009415229303543496, 0.00088924558629795, 0.0008424924114772251, 0.0007923018848197545, 0.0007491285696808172, 0.0007150312338671253, 0.0006780741632944349, 0.0006449720449836887, 0.0006090330426546993, 0.0005823166378226518, 0.0005577132398377291, 0.0005363771097027525, 0.0005112978567017657, 0.0004921500998127217, 0.00046790370350234897, 0.0004508700753231438, 0.0004374209761774571, 0.0004213754314305831, 0.0004101858619499901, 0.0003992969519264844, 0.00038404722457029383, 0.0003701736901730907, 0.0003619979680314356, 0.0003538792713982216, 0.00034608751265605673], "valid_metric": [0.045370936897840324, 0.03626161341413809, 0.03153564991769512, 0.027558877814844, 0.02578332700762685, 0.02414733141874386, 0.022824004766454065, 0.02191093656634951, 0.02119091578892299, 0.020412032843994992, 0.020176248047189208, 0.02010739974007709, 0.019737934141304588, 0.0201834013935923, 0.0194755034491428, 0.020227285140707863, 0.020425468096949638, 0.02026760580347268, 0.02104729005224807, 0.02160219384326854, 0.02250142000159439, 0.023475246496072563, 0.025220805569855818, 0.026263808081925497, 0.02701188378703136, 0.029505081793954648, 0.03004106026095576, 0.033355024505744284, 0.034604184262387386, 0.038399764908041714, 0.03933013899182984, 0.03978807204215486, 0.04229622076574242, 0.044865312066054513, 0.0474174486887238, 0.050361463922331234, 0.051901637247586695, 0.05424255263084304, 0.06042146796710265, 0.05624457399817507, 0.061455158346561546, 0.06368172924885485, 0.06372252280362763, 0.06493548817396996, 0.06393608342945893, 0.06526774557050175, 0.06395589194111054, 0.06892934926491183, 0.07175918764260614, 0.07304778522506183, 0.0729761840797869, 0.0704670930789836, 0.07312512700227632, 0.07164991083862282, 0.07553366892345251, 0.07194764589119274, 0.07473709995769845, 0.07114717455816787, 0.07390694566499795, 0.07419992689920668], "bleu_score": 6.146126930802465e-79}