{"epoch": 199, "train_loss": [0.06804947062832993, 0.054832235389316634, 0.0533783069787606, 0.05234284313551287, 0.05135658022649694, 0.05065807677075396, 0.05014917755000272, 0.04977648900902323, 0.04935761023801282, 0.04910136273087832, 0.04869826059917294, 0.0486082184834336, 0.048363360811175204, 0.048214570733232785, 0.048015360951273345, 0.047831139630592434, 0.04771736895219995, 0.04763197441657828, 0.04753614967737229, 0.04737727381879469, 0.047305982790737056, 0.0472740734677751, 0.04724502128680433, 0.04723357769287586, 0.047034291359958284, 0.04712931817982571, 0.04707417611478256, 0.04697544409783412, 0.047013799439825824, 0.0478062093625602, 0.052006755700544256, 0.048377017877051225, 0.047159120486109846, 0.04697424254946475, 0.04686028037424218, 0.04715090691748072, 0.04770006992926644, 0.04706979617047035, 0.046815108294499454, 0.04681081975533785, 0.04668701012948963, 0.04941948845590698, 0.05613201084179047, 0.05223062466454265, 0.05222640323696889, 0.05104761878001673, 0.05018613895438934, 0.04976577138640953, 0.050345321215410056, 0.05030603090204535, 0.05138050791369993, 0.05134803204332889, 0.051068825762643766, 0.05064833111610124, 0.04994008421189332, 0.04941873028954915, 0.049225939961112714, 0.04862002060568814, 0.04893366019818556, 0.04956450611513956, 0.048916904443622664, 0.048746713630382715, 0.04887762907704591, 0.048445776436392016, 0.048370444955255956, 0.048160666666967895, 0.04810279681849205, 0.04803464804059404, 0.04873704833786409, 0.04857571642867341, 0.04802902752764373, 0.04789755676312087, 0.04821600723120596, 0.0483374774498967, 0.048207958901209776, 0.047820445379612685, 0.047838148075861786, 0.04793519823830736, 0.04791111024552876, 0.0486644075388996, 0.047724899057545817, 0.047809448044865206, 0.04786566482663627, 0.04752226447772439, 0.04736398648127098, 0.047294935035742065, 0.047751492078574403, 0.047426676450120095, 0.04837902593735058, 0.04883605756552659, 0.04826861729721944, 0.047646938613817226, 0.047545740724425835, 0.0480169089798217, 0.04741846045253729, 0.0476821615663961, 0.047398772556334734, 0.04750060202333786, 0.048363327545245374, 0.047973050071619, 0.047860675547755076, 0.04842251381683848, 0.04803404393565629, 0.04789292584616229, 0.04754005652860408, 0.04738004245159219, 0.04729357138893403, 0.04693754073849715, 0.04693489427267646, 0.04719993785581946, 0.04705280439139099, 0.04719026011659063, 0.046982520108274924, 0.04679347990987882, 0.04705570879330596, 0.04703482419053785, 0.0470470221248866, 0.048084106247990206, 0.04730451486263993, 0.047060395648665404, 0.04701800713643045, 0.047142700246543295, 0.04707538386302267, 0.04729108433762528, 0.04678964529787687, 0.04669993161425123, 0.04705894394490535, 0.04673413131708113, 0.04689937569898814, 0.04693787123589248, 0.04667009904400931, 0.04677266282933933, 0.0470810523202981, 0.04685670060242502, 0.046942342465920564, 0.046623107495446625, 0.04684513965916823, 0.046542855971345214, 0.0465418937259088, 0.04670129797316722, 0.046676822852139345, 0.04635383868160569, 0.04690204886182799, 0.04774995893508368, 0.04670631503605791, 0.04687783309937554, 0.04672597744971815, 0.0465157052799952, 0.04661704169221287, 0.04643948334980466, 0.04656610132117222, 0.04648899142187551, 0.04669518178323504, 0.04679167912118888, 0.047249376437001424, 0.0476547601775022, 0.04745995180187505, 0.04699807343414048, 0.04667508460967788, 0.04670217441346614, 0.04670663857805712, 0.04714271224101184, 0.04745239083271377, 0.04761537605418853, 0.047615432089210756, 0.04730924237546342, 0.04736422550104966, 0.04761522652457874, 0.04770480972910649, 0.048273606487531054, 0.04895567264869508, 0.0491779574061548, 0.04951168362437734, 0.04989675195989674, 0.05066761995802609, 0.05097280293756758, 0.05231844802099878, 0.05287668965112751, 0.05323164440659264, 0.0524869672900404, 0.05182761203239991, 0.0527528918157694, 0.05216871651549762, 0.05146359054838718, 0.051335620677758875, 0.050910543873154634, 0.050372008312096345, 0.05020906289057103, 0.05029990395493483, 0.05036311967013892, 0.050228050110126266, 0.050173487310279, 0.05014604356633741, 0.05030905868675592, 0.0504817306292203, 0.05328305115284511, 0.05467632094596751, 0.055282299838938696, 0.05464053776125915, 0.05447631790665024],