{"epoch": 19, "train_loss": [6.1349292433991724, 5.343756262136965, 5.0601829460689, 4.86327735745177, 4.696054434289738, 4.559240774232514, 4.433035828629318, 4.312111698851293, 4.195720074128132, 4.080838048944668, 3.9651057513392702, 3.851573880837888, 3.7363309312839896, 3.6262718864849637, 3.5163060378055184, 3.4066819548606873, 3.2972056707557367, 3.189983288852536, 3.0879515372976964, 2.9870493594481022], "valid_loss": [5.608909904956818, 5.3747798204422, 5.222630143165588, 5.098295509815216, 5.069367289543152, 4.957944571971893, 4.956091642379761, 4.929322361946106, 4.940154850482941, 4.934045851230621, 4.977638363838196, 5.003920078277588, 5.020117282867432, 5.0381916761398315, 5.069225490093231, 5.0856674909591675, 5.15814596414566, 5.201685786247253, 5.2573360204696655, 5.3245022892951965], "train_metric": [0.07758130488804409, 0.03868431645607462, 0.027511772952955597, 0.02098324609873246, 0.01666588242890862, 0.013552823224080239, 0.011215658891638931, 0.00938208133152553, 0.0079431868058808, 0.006785022301187321, 0.00584828718847158, 0.0050968147439683755, 0.004477978644857601, 0.003971044201753577, 0.0035607324291410188, 0.003194508445895448, 0.0028788998113359722, 0.0026153385894152584, 0.0023881810301177356, 0.0021828388757121806], "valid_metric": [0.04534970493879816, 0.0343042776941689, 0.028423923257588465, 0.02465082861709705, 0.02198539108937759, 0.02032352760323247, 0.019530744294759414, 0.018336177706514516, 0.01814642450634734, 0.017568297436066194, 0.017829394653561682, 0.017714773132632033, 0.017247314658220807, 0.017116691214928495, 0.017827059527620027, 0.018016107138884824, 0.01817054445128962, 0.018787100924713737, 0.01969231915313442, 0.0201615177213951], "bleu_score": 0.003887234976144508}