{"epoch": 9, "train_loss": [6.9954758176998215, 6.1860155256427065, 5.932629023279462, 5.733558752098862, 5.567896806463903, 5.426363421946156, 5.269905815319139, 5.145167764352292, 5.035939669122501, 4.935810816531279], "valid_loss": [6.350305914878845, 6.038874983787537, 5.831468284130096, 5.673481047153473, 5.5664867758750916, 5.455734968185425, 5.339899897575378, 5.256933331489563, 5.186777114868164, 5.129586458206177], "train_metric": [0.12106276706234757, 0.06318553469029674, 0.05608011548723493, 0.05062117237947425, 0.045888417805542266, 0.041697491585867746, 0.03791129174680126, 0.03451882776377153, 0.03157066568802814, 0.02897781366776447], "valid_metric": [0.06410245998569274, 0.054616749404507545, 0.049305680417280374, 0.04497623877948975, 0.04167478800863435, 0.038677080907891785, 0.036070920263626315, 0.03356999809185641, 0.031355872998243224, 0.03008392736378959], "bleu_score": 0.025036999336198573}