{"epoch": 19, "train_loss": [5.821556823594229, 5.08167412086409, 4.8166065872931965, 4.62632975286367, 4.466799159439242, 4.330284848505137, 4.208448212973925, 4.092119272874326, 3.974666024957384, 3.866267220098145, 3.758323511298822, 3.6525557941319993, 3.5529084935480233, 3.446710214322927, 3.3449947907000173, 3.246082230490081, 3.1474538165695813, 3.0497755834034512, 2.9599274859136466, 2.862528153828212], "valid_loss": [5.251754420144217, 4.9814543042864114, 4.84974479675293, 4.731453895568848, 4.691510745457241, 4.6153983388628275, 4.591349806104388, 4.556990759713309, 4.552563054221017, 4.537348542894636, 4.545446055276053, 4.556358064923968, 4.577041149139404, 4.6022564343043735, 4.632649285452707, 4.673671858651297, 4.698340688432966, 4.74169785635812, 4.806181635175433, 4.862175941467285], "train_metric": [0.06953428242384077, 0.038295247279575895, 0.029305551679961534, 0.023390398777553015, 0.019111731663918007, 0.0158978989793169, 0.013357283784516004, 0.011347286991975746, 0.009731853904238173, 0.008406662985354054, 0.0073155006688954876, 0.006445550752680708, 0.005702946295446279, 0.005087516268563993, 0.0045625290820063375, 0.004131474581684436, 0.0037379677168537582, 0.0034051180685477217, 0.0031271906350583446, 0.0028610775416839573], "valid_metric": [0.045370936897840324, 0.03626161341413809, 0.03153564991769512, 0.027558877814844, 0.02578332700762685, 0.02414733141874386, 0.022824004766454065, 0.02191093656634951, 0.02119091578892299, 0.020412032843994992, 0.020176248047189208, 0.02010739974007709, 0.019737934141304588, 0.0201834013935923, 0.0194755034491428, 0.020227285140707863, 0.020425468096949638, 0.02026760580347268, 0.02104729005224807, 0.02160219384326854], "bleu_score": 9.67943450910846e-79}