{"epoch": 9, "train_loss": [5.537414884080692, 4.780544137468143, 4.551897902877963, 4.389027138145602, 4.255955941823064, 4.1368869457926065, 4.025706905491498, 3.924185883025734, 3.8225653913556314, 3.7227320610260475], "valid_loss": [4.971448540687561, 4.771261215209961, 4.661536335945129, 4.542765021324158, 4.488026797771454, 4.460642695426941, 4.432489514350891, 4.412697076797485, 4.415502727031708, 4.403239905834198], "train_metric": [0.07198297639807877, 0.03836226774877431, 0.030832279341909446, 0.025706088431222098, 0.02184657374167929, 0.018804266251544563, 0.016264501965581154, 0.014192177681436343, 0.01245293182061643, 0.010979093452160357], "valid_metric": [0.043142828093203446, 0.036064784837075946, 0.03183704569662067, 0.029246929782594265, 0.027594391261897926, 0.026218947550209558, 0.02486549623334333, 0.024386151302976715, 0.0243961315345953, 0.023440107807784227], "bleu_score": 0.028738188347011827}