{"epoch": 89, "train_loss": [5.9039342257441305, 4.996181840799292, 4.76692562930438, 4.607378392803426, 4.475012803564266, 4.360683343848404, 4.253763337524569, 4.1621623002752965, 4.079169724668775, 3.9977579566897177, 3.9220380770916843, 3.855438076719946, 3.7844122563089644, 3.7202184115137373, 3.654040106705257, 3.590842681271689, 3.5260028863439756, 3.4657208943853575, 3.4013058713504245, 3.3391238901079916, 3.2784890009432424, 3.213751656668527, 3.150988851274763, 3.08868877498471, 3.0249825825496597, 2.960212990945699, 2.8980584837952437, 2.83437372835315, 2.772746594584718, 2.7121759336821887, 2.648314746058717, 2.592813306925248, 2.5342577987787673, 2.4798376681853314, 2.427673858039233, 2.377603159875286, 2.325241889272417, 2.275960677740525, 2.231821041934344, 2.186656212320133, 2.145177895925483, 2.1041168083949966, 2.062301385159395, 2.027979308853344, 1.9950310624375636, 1.9606896273943843, 1.9294113972965552, 1.8996102597032274, 1.8713845318677473, 1.8415121764552838, 1.814626517952705, 1.789526668130135, 1.7646111487125864, 1.7420015839897856, 1.7201304873641656, 1.70120542450827, 1.6805843029703413, 1.6630383979301064, 1.6437582172909562, 1.6286105051332591, 1.6143584324389089, 1.5964437163605982, 1.5867153552113746, 1.5715783305314122, 1.558003306388855, 1.546841977810373, 1.5376864896745097, 1.5278450074244518, 1.5203441241566016, 1.513073096469957, 1.506049552134105, 1.500333239229358, 1.492361635577922, 1.4892127307093874, 1.4833462481596031, 1.4818817608210506, 1.4776572804061734, 1.47619962935545, 1.4776335024103826, 1.4733479904885194, 1.4733569944391445, 1.475672147711929, 1.4774398517851928, 1.476155705597936, 1.4758071960235128, 1.4801605812140874, 1.4815754768799763, 1.4868887285796963, 1.485957798300957, 1.4919900012259582], "valid_loss": [5.19508159160614, 4.926405429840088, 4.762121498584747, 4.6458189487457275, 4.5455180406570435, 4.468637526035309, 4.4038257002830505, 4.376897871494293, 4.318365395069122, 4.276558876037598, 4.250456094741821, 4.231172621250153, 4.1964991092681885, 4.1942726373672485, 4.180189907550812, 4.199682533740997, 4.2047072649002075, 4.186125993728638, 4.180212318897247, 4.210798501968384, 4.1980410516262054, 4.213949978351593, 4.299123227596283, 4.269100785255432, 4.282743036746979, 4.317761540412903, 4.355474591255188, 4.416388273239136, 4.448291122913361, 4.458496332168579, 4.5624741315841675, 4.557655870914459, 4.602820932865143, 4.681286573410034, 4.715220212936401, 4.754204273223877, 4.8180519342422485, 4.928649067878723, 4.913377285003662, 4.950030148029327, 4.988018214702606, 5.052930653095245, 5.081341028213501, 5.134654223918915, 5.201516151428223, 5.225755095481873, 5.241717636585236, 5.258687078952789, 5.346803963184357, 5.345644414424896, 5.398970663547516, 5.427121520042419, 5.4682923555374146, 5.444421052932739, 5.477784276008606, 5.503865659236908, 5.513917088508606, 5.555598735809326, 5.5606778264045715, 5.58629447221756, 5.6226049065589905, 5.665348529815674, 5.613596081733704, 5.6133493185043335, 5.613069415092468, 5.651517689228058, 5.623014688491821, 5.694362759590149, 5.679989278316498, 5.67594987154007, 5.703211307525635, 5.690368294715881, 5.684209227561951, 5.664020895957947, 5.684801280498505, 5.689144611358643, 5.767375588417053, 5.680440664291382, 5.651179909706116, 5.6150564551353455, 5.642793297767639, 5.692448258399963, 5.676424086093903, 5.627136707305908, 5.655375003814697, 5.628956913948059, 5.616864800453186, 5.642007827758789, 5.637258470058441, 5.602479934692383], "train_metric": [0.08514089716697226, 0.0450071405527543, 0.038064681514817844, 0.03361188041774001, 0.030085828658123405, 0.027222833787567763, 0.024737978397291534, 0.022589678674814654, 0.02072444380156848, 0.019037188593027544, 0.017539875539662887, 0.01624818924884407, 0.015047695932193678, 0.013961558054709921, 0.012977627331480689, 0.012080789397881956, 0.011246058840070452, 0.010491590560601682, 0.009816818343182, 0.00915278065117038, 0.008568429819223832, 0.008008564921787807, 0.007513490038501973, 0.007029095515037069, 0.00659024145632374, 0.006190098697895907, 0.005818326998037267, 0.0054718786325260085, 0.005149986608077068, 0.004854856284005301, 0.0045876292699697065, 0.004350096866062709, 0.004104510023155991, 0.003899218328047772, 0.0037094766250921757, 0.0035209289714268274, 0.0033409808743362474, 0.003178457558221257, 0.003027146095742985, 0.0028944047713766294, 0.0027588088144574847, 0.002628589102297413, 0.0025200144333742103, 0.0024058331143126197, 0.0023179812606500118, 0.0022225310489109584, 0.0021301505332090415, 0.0020569830730983187, 0.0019779144178118024, 0.001901449602672032, 0.0018279265707366321, 0.0017656209223611014, 0.0017025868419725068, 0.0016461124447413854, 0.0015879866055079868, 0.0015470789514269148, 0.0015005987110916449, 0.0014525745218627306, 0.0014196211045316492, 0.00137873934337071, 0.0013469253835872727, 0.001315264514222437, 0.001287558799961829, 0.0012567021710532052, 0.0012338321915451361, 0.001210815463358042, 0.0011857629853851942, 0.0011752776451500095, 0.0011518717510846197, 0.0011411981337411062, 0.0011272322372514374, 0.0011160946194006473, 0.0011043555814392713, 0.0011015242835453578, 0.0010946865960995036, 0.0010861186172524276, 0.001085111222559092, 0.0010827076426290114, 0.0010869318171909878, 0.0010835407146142454, 0.0010857555955770064, 0.0010892440194499736, 0.0010917105250455895, 0.0010972836214182327, 0.001103755373273577, 0.0011087692562414676, 0.0011203528995903172, 0.0011258408390745825, 0.001138084208138135, 0.0011494565990019818], "valid_metric": [0.04947218034228349, 0.04089254274998754, 0.03657839356207268, 0.03360675463069588, 0.031217901825498346, 0.029538239636524532, 0.027787547289322027, 0.026617558531445935, 0.025479490032370183, 0.02469275317927973, 0.024225733359121485, 0.023258328230621503, 0.022696885274799596, 0.02233850380307232, 0.022092155764538546, 0.022084832771057054, 0.021317787325666783, 0.02139828175998025, 0.020836057905290088, 0.020635665366521384, 0.020573913805844852, 0.02113056906692896, 0.021558588842212165, 0.021062998362020774, 0.021635342389099303, 0.021570051648726676, 0.022122520184099916, 0.0239373507220128, 0.023248176377489153, 0.0238426110306768, 0.025166024806121567, 0.02733607721753593, 0.027898874095060318, 0.029257091286814182, 0.030048836634741564, 0.030556700193190938, 0.032436939340628565, 0.03784402468170143, 0.03772942229684149, 0.03882500947787153, 0.0418304849544278, 0.04383032541439722, 0.04682784142922731, 0.04844916791310602, 0.05089891622751253, 0.05238109584846534, 0.05221803980080316, 0.05227483267464689, 0.06043002919885352, 0.058573540119090994, 0.06034845770316711, 0.0635402841833398, 0.06767041306332543, 0.060276437091586116, 0.06575743004166638, 0.06337682262215463, 0.07177965698980705, 0.06604828998707084, 0.07157315762047457, 0.07176399268722157, 0.08023765361711617, 0.08610961363530896, 0.0779654005522933, 0.07798562520356242, 0.0762452919141463, 0.07921197564147406, 0.07696827233998167, 0.07968137533590484, 0.07796145418062421, 0.07670455695955736, 0.07815550901802994, 0.0821810021493291, 0.08051333953518375, 0.07922680323672837, 0.081755235609265, 0.07937523746710776, 0.09158765117060744, 0.08009852756697042, 0.07653403281641012, 0.07105987350771023, 0.07479765429091315, 0.08525837596238295, 0.07543376653635807, 0.07274383471070074, 0.07628795912053087, 0.07382486209317594, 0.0779817176040886, 0.07440360944901293, 0.07473306333831192, 0.07482604577640747], "bleu_score": 0.028087483784105215}