{"epoch": 29, "train_loss": [6.667741568721071, 5.798924385284891, 5.545349254900096, 5.33883395973517, 5.145218345583702, 4.968324724508792, 4.8236850743391075, 4.695374848891277, 4.584023242094079, 4.4800106943870075, 4.385271503000843, 4.296780900079376, 4.21294908377589, 4.132537446459946, 4.062990916018584, 3.983673881511299, 3.9192323003496443, 3.8497603182889977, 3.781467261363049, 3.7173508515163345, 3.651162406619714, 3.5881457985663903, 3.5277533081113077, 3.4698417125915992, 3.4095672429824364, 3.3531943474497115, 3.2989311887293447, 3.2441595938740946, 3.1958056663980288, 3.1453090748008417], "valid_loss": [5.923810209546771, 5.626105036054339, 5.4221891675676614, 5.242399896894183, 5.103139468601772, 4.928439889635358, 4.822491032736642, 4.733498573303223, 4.644442353929792, 4.589190755571638, 4.545257159641811, 4.502298900059292, 4.467271600450788, 4.415208067212786, 4.3798089027404785, 4.352709225245884, 4.356912817273821, 4.353188378470285, 4.338393075125558, 4.31697382245745, 4.327940055302212, 4.35703842980521, 4.368040493556431, 4.337173189435687, 4.368677820478167, 4.42066410609654, 4.401021071842739, 4.429695129394531, 4.462531498500279, 4.49891015461513], "train_metric": [0.10824485002409902, 0.054967093312788984, 0.04923540343614412, 0.045243230918797325, 0.041558637016452085, 0.03821768113739636, 0.03517300916399275, 0.032442121002820075, 0.029998238306276008, 0.027761485287413304, 0.025762855467504384, 0.02392891121689154, 0.022277652104982188, 0.020749982816384495, 0.019432472059482845, 0.018159063015373386, 0.017049086664939414, 0.015999336914257235, 0.015040015884672986, 0.014165335025730674, 0.01335055455028515, 0.012592901598871971, 0.01196191740094903, 0.011345933689104649, 0.010769483788937939, 0.010277814901674938, 0.009822899018891003, 0.009414046521868025, 0.009019628990329041, 0.008665570624215262], "valid_metric": [0.05954358507153917, 0.05152517979056065, 0.04738687780723565, 0.04427285745841305, 0.04165488662340992, 0.038815266377217064, 0.036216667807919725, 0.03467671856719752, 0.03288273180992995, 0.031184823312705043, 0.029744373215627836, 0.028571248251761907, 0.027534051773455633, 0.02632340632679051, 0.025634674097514586, 0.02485924009059058, 0.02456716624093551, 0.02421433059010661, 0.023507939868386254, 0.022956582329075527, 0.022842957969535074, 0.02277357136859112, 0.022190163253444722, 0.022037003754385914, 0.022003383710117414, 0.02332308257759264, 0.02184471099511252, 0.022624227268157975, 0.02384584514199208, 0.024727471371436955], "bleu_score": 0.036965273691615105}