{"epoch": 29, "train_loss": [5.575419924697098, 4.793439918634843, 4.407471306469976, 4.090557336807251, 3.7985534412520274, 3.519881297130974, 3.251104341477764, 2.994334403349429, 2.7410595794113313, 2.5084048229820874, 2.280832891561547, 2.0642055066264406, 1.8708022528765154, 1.6871877428220243, 1.526154847169409, 1.377326518905406, 1.2499259740722424, 1.1330681765566066, 1.0317809672988192, 0.9396135153210893, 0.8625846745408311, 0.7970303707585042, 0.7386262392511174, 0.6921861895493099, 0.6490279401139337, 0.612572254422976, 0.5841488255834093, 0.5561367674749724, 0.5347675427186246, 0.5233368913129884], "valid_loss": [5.031373296465192, 4.747990471976144, 4.637048653193882, 4.616477421351841, 4.6113296917506625, 4.637553828103202, 4.701082161494663, 4.777129650115967, 4.877395016806466, 4.957960673740932, 5.064252308436802, 5.162138530186245, 5.274752344403948, 5.395341191973005, 5.5233034406389505, 5.6452750478472025, 5.77361604145595, 5.878398486546108, 6.012505940028599, 6.127757413046701, 6.242443697793143, 6.379285131181989, 6.503719874790737, 6.606845787593296, 6.732893535069057, 6.8366868155343195, 6.9263443265642435, 7.06321770804269, 7.142443111964634, 7.221323694501605], "train_metric": [0.1738248135964148, 0.0700764758113939, 0.03397099119225327, 0.01697944413321359, 0.008595136525679607, 0.004544709277153171, 0.00243744831240907, 0.0013804000130478217, 0.0008009791924208573, 0.0004729205694003981, 0.0002872973982655272, 0.00016829028613905535, 0.00011284806397496438, 7.015655553196484e-05, 4.8386000355287476e-05, 3.097189147797368e-05, 2.1420207602671428e-05, 1.5107541804057515e-05, 1.0494725441142004e-05, 7.196918039361094e-06, 4.894231783766582e-06, 4.517604846860609e-06, 2.5853013975266956e-06, 2.9311793995544774e-06, 1.6730070145496604e-06, 1.453070082910815e-06, 9.62762403472954e-07, 6.727598456956756e-07, 5.437589013397846e-07, 5.409285701740424e-07], "valid_metric": [0.09834812695236192, 0.0677261717246284, 0.055226493789159455, 0.049790709394373245, 0.047092427223740005, 0.045842101456027934, 0.04629924056678599, 0.048234690943060606, 0.04858343941824777, 0.04896926248658775, 0.049768305149208124, 0.05127439868868789, 0.053635933355803786, 0.05241985710299745, 0.05333055207606163, 0.05441135140678685, 0.0546384503854989, 0.05474188976985695, 0.05653985358923975, 0.05700750363225949, 0.057404066626914704, 0.057738386723328476, 0.05822075620953882, 0.05842878731280308, 0.05889236034990168, 0.06084576519255823, 0.0601117975200268, 0.059771527786381125, 0.0618844527623127, 0.06049625714444615], "bleu_score": 2.1539830145276186e-79}