{"epoch": 59, "train_loss": [5.537414884080692, 4.780544137468143, 4.551897902877963, 4.389027138145602, 4.255955941823064, 4.1368869457926065, 4.025706905491498, 3.924185883025734, 3.8225653913556314, 3.7227320610260475, 3.6235427382040997, 3.520490584324817, 3.422310465452622, 3.3228896406232096, 3.2275663225018247, 3.130405612137853, 3.0349896087938424, 2.940108676345981, 2.8482193253478227, 2.759729364696814, 2.6742371576172963, 2.590821316047591, 2.512199662169632, 2.435528179820703, 2.3632087464235267, 2.2940053222130756, 2.2292333768338572, 2.1669795355018304, 2.107382219056694, 2.0553715964969324, 2.0033367738431815, 1.953445810444501, 1.9071730180662505, 1.8632036179912335, 1.825101070866293, 1.785109389193204, 1.748285741222148, 1.7148811148137462, 1.6846491785681978, 1.6526884655563199, 1.6240938129473705, 1.5963932798833262, 1.5709034204483032, 1.547523979629789, 1.525023274883932, 1.5059201474092445, 1.4815998782916946, 1.4625480704161586, 1.4464508136924432, 1.427565370287214, 1.411959530139456, 1.3949688168204561, 1.3822072312539937, 1.3697842170997543, 1.3584515014473273, 1.3488130599868542, 1.3354051228688688, 1.329344633890658, 1.3190411973972709, 1.3072429043906075], "valid_loss": [4.971448540687561, 4.771261215209961, 4.661536335945129, 4.542765021324158, 4.488026797771454, 4.460642695426941, 4.432489514350891, 4.412697076797485, 4.415502727031708, 4.403239905834198, 4.405697047710419, 4.42592716217041, 4.456600069999695, 4.455107688903809, 4.476988971233368, 4.551335036754608, 4.583964943885803, 4.632449150085449, 4.6822739243507385, 4.7376397252082825, 4.805897355079651, 4.853634476661682, 4.936557948589325, 4.982931673526764, 5.054389417171478, 5.117637813091278, 5.1696929931640625, 5.2447744607925415, 5.310390114784241, 5.3653923869133, 5.39537501335144, 5.471351325511932, 5.497575879096985, 5.543609619140625, 5.602307856082916, 5.641186475753784, 5.671450138092041, 5.7274675369262695, 5.739582657814026, 5.785978615283966, 5.804282963275909, 5.81001603603363, 5.863130271434784, 5.897823870182037, 5.906903505325317, 5.935267329216003, 5.917802572250366, 5.950442790985107, 5.932697772979736, 5.983232617378235, 5.988080143928528, 6.013412415981293, 6.021755278110504, 6.00381201505661, 6.054574012756348, 6.033611595630646, 6.06059193611145, 6.057852506637573, 6.061445415019989, 6.056597828865051], "train_metric": [0.07198297639807877, 0.03836226774877431, 0.030832279341909446, 0.025706088431222098, 0.02184657374167929, 0.018804266251544563, 0.016264501965581154, 0.014192177681436343, 0.01245293182061643, 0.010979093452160357, 0.00974990967108279, 0.008688004496048908, 0.007785406909864776, 0.007022632658822196, 0.006371198545961964, 0.005819197252234634, 0.005333658956410934, 0.004919619103645792, 0.004540528610166707, 0.004208691384062475, 0.0039238330140405776, 0.00365324113184092, 0.00340215215410505, 0.00318707884652274, 0.002979546237089196, 0.0027940672029767716, 0.002613825760666205, 0.002464801743955028, 0.002317569809349216, 0.002169299825597268, 0.0020578002738952635, 0.0019359169728415354, 0.0018289256200985033, 0.0017259301586540377, 0.0016410878074412443, 0.0015518705488710986, 0.0014625863575448794, 0.0013903525418651347, 0.0013205287372822663, 0.0012580770768924636, 0.0011933251799369346, 0.001143034525379118, 0.0010946459875301438, 0.0010427821830827362, 0.0010112276110046834, 0.0009654671439346003, 0.0009283238235785037, 0.0008875797600648841, 0.0008589629670551845, 0.0008275181866665276, 0.0007967155066315009, 0.0007700256987007297, 0.000753622033547382, 0.0007246271904147401, 0.000703861421662934, 0.0006856648236755465, 0.0006701033306121826, 0.000656076337366688, 0.00064417577403791, 0.0006276679818970817], "valid_metric": [0.043142828093203446, 0.036064784837075946, 0.03183704569662067, 0.029246929782594265, 0.027594391261897926, 0.026218947550209558, 0.02486549623334333, 0.024386151302976715, 0.0243961315345953, 0.023440107807784227, 0.02315693365283144, 0.022852306389045486, 0.023179773832754838, 0.022906159961227537, 0.022796146542623928, 0.023765941700019035, 0.023289032368465377, 0.024025782966047293, 0.02415286353575673, 0.025022719079755004, 0.02559881448457244, 0.026756485433497717, 0.028721329707174118, 0.028386584252443607, 0.031777656092762806, 0.03226931287358269, 0.03417025578584546, 0.03593367111983177, 0.03794158374944571, 0.039414012918586636, 0.04315680924611652, 0.044515485913561276, 0.04474925732615232, 0.04690685354041235, 0.04950406988544861, 0.05236850730552753, 0.054437684283740656, 0.056804113248540365, 0.0607605245663852, 0.057186956954283, 0.06076437342010857, 0.06141978246965577, 0.06451234910868665, 0.06415437902505741, 0.0628144394825583, 0.06821125245778792, 0.06748265090286108, 0.06529673881727979, 0.06692688152769351, 0.06912499225227474, 0.0683881975114575, 0.07412998869584059, 0.07142102408626792, 0.06981660479720886, 0.07449736028152414, 0.07364709140994527, 0.07286342981296749, 0.07650948800265416, 0.07166116546842344, 0.07150543468015026], "bleu_score": 0.017526945361497882}