{"epoch": 199, "train_loss": [0.15220380454570398, 0.1081702987952479, 0.10180333612122755, 0.09827511018977084, 0.09655004418615637, 0.09495228182139068, 0.09396102275142725, 0.0931574649380884, 0.09248857656172638, 0.09194172317183566, 0.09124744807680447, 0.09053199145214996, 0.09004466102897436, 0.08940260600427101, 0.08913677757413223, 0.0887277761752578, 0.08839915868365901, 0.0881152169928811, 0.08796893098744853, 0.08764190785586834, 0.08756902471356008, 0.08751505829565141, 0.08727386989898381, 0.08712955178885624, 0.08699600019588552, 0.0866899383950165, 0.08661564743553085, 0.08664548801707811, 0.08639066002663524, 0.0863972391462189, 0.08632865436803336, 0.0860887704010325, 0.08618991479448888, 0.08590302008321915, 0.08572872351298387, 0.08562476031653497, 0.08574498444795609, 0.08564327926985149, 0.08548449279590585, 0.08533638540184361, 0.08524042618428838, 0.08525035228451779, 0.08503373451102739, 0.08497062580253201, 0.08486178425279842, 0.08485131396044945, 0.08475091533157332, 0.08472023506102891, 0.08451343075126067, 0.08457200772974682, 0.08443991921242626, 0.08450577491573219, 0.08434614166617393, 0.0841255930048981, 0.08408442794762809, 0.08415945347441339, 0.08404515979105029, 0.0838438677547992, 0.08386353392624991, 0.0838324512173047, 0.08366912748964353, 0.0836631600027797, 0.08360012858335314, 0.08367393182954569, 0.08351572862044833, 0.0834653158297484, 0.08337045711433065, 0.08331842345838573, 0.08338595374390997, 0.08323089016237478, 0.08311125231457167, 0.08315038081558271, 0.08313188299365427, 0.08294824761306417, 0.0830001260699897, 0.08313684480200553, 0.08290751698030822, 0.08294682459498959, 0.08276901944358458, 0.08261877287650245, 0.08269698579592266, 0.08252777951373451, 0.0827183642949181, 0.0827272226712827, 0.0825624589904629, 0.08252696667251916, 0.08263388376725816, 0.08262242295447438, 0.08228587581851017, 0.08232755338152249, 0.08225957006644244, 0.08210694517983103, 0.08222824129565008, 0.08241711711061411, 0.08217912006737857, 0.08219665021303742, 0.08213843550832792, 0.08197218271764531, 0.082037678587882, 0.08193096702640083, 0.08215728507045357, 0.08206389514707971, 0.08182344906802835, 0.08186438459175072, 0.08181347854264166, 0.08176308889584295, 0.08174876164345221, 0.0818961404435251, 0.08184861563060475, 0.08159656360231597, 0.08162224950033357, 0.08178806129371984, 0.08155290561931572, 0.08176546854277451, 0.08186975384837594, 0.08170478823113031, 0.08136296621256175, 0.0814148299396038, 0.08148534127093594, 0.08161082394934933, 0.08152401398053799, 0.08139414316706958, 0.08148284095885425, 0.08140112562426205, 0.0816164944406556, 0.08163825458921921, 0.08153594987488341, 0.08148725110309563, 0.08133200318391981, 0.08116232719400833, 0.08125686054599696, 0.08115958028483665, 0.08106117607790163, 0.08128707479128892, 0.08144296101968863, 0.08125368839707868, 0.08108459967563207, 0.08101211524643433, 0.08117352233364664, 0.08128233836300072, 0.08094601607185671, 0.08111120925295627, 0.08092998255087042, 0.08116140805356119, 0.08113233897107086, 0.08118643470365426, 0.08073033638641067, 0.08086939892549624, 0.08091779027519555, 0.08077115963759093, 0.08120496374094623, 0.08109553811279521, 0.08093897433116518, 0.08074437480034499, 0.08075586607915232, 0.08064831592056942, 0.08087212705834844, 0.08103095329013364, 0.08094768996896415, 0.08058810268325367, 0.08055886881019192, 0.08057700313798997, 0.08058515353792015, 0.08081601153331242, 0.08071487097219489, 0.0806736240655869, 0.08078736886810298, 0.0810483330111394, 0.0807053535620029, 0.08047688895857882, 0.08070568325019431, 0.08077083821354926, 0.08095514305449765, 0.08040639567563589, 0.08061240382235625, 0.08057229571986473, 0.08051240820994322, 0.08043060695816731, 0.08037457512370472, 0.08069209658123296, 0.08082068082073639, 0.08065325938079548, 0.08058745409736688, 0.08048759552853546, 0.08029137429749143, 0.08055167801506903, 0.08052096952652109, 0.08080888742944975, 0.08033588057619402, 0.08023500680152712, 0.08039884130074375, 0.0804545378804892, 0.08028165572162332, 0.0804692324807589, 0.08038606017228515, 0.08019006933117735, 0.08033797361127946, 0.08036893608326885, 0.08040702319436374, 0.08030506332629714],