{"epoch": 9, "train_loss": [5.9039342257441305, 4.996181840799292, 4.76692562930438, 4.607378392803426, 4.475012803564266, 4.360683343848404, 4.253763337524569, 4.1621623002752965, 4.079169724668775, 3.9977579566897177], "valid_loss": [5.19508159160614, 4.926405429840088, 4.762121498584747, 4.6458189487457275, 4.5455180406570435, 4.468637526035309, 4.4038257002830505, 4.376897871494293, 4.318365395069122, 4.276558876037598], "train_metric": [0.08514089716697226, 0.0450071405527543, 0.038064681514817844, 0.03361188041774001, 0.030085828658123405, 0.027222833787567763, 0.024737978397291534, 0.022589678674814654, 0.02072444380156848, 0.019037188593027544], "valid_metric": [0.04947218034228349, 0.04089254274998754, 0.03657839356207268, 0.03360675463069588, 0.031217901825498346, 0.029538239636524532, 0.027787547289322027, 0.026617558531445935, 0.025479490032370183, 0.02469275317927973], "bleu_score": 0.014498922073576037}