{"epoch": 199, "train_loss": [0.12289318886677955, 0.09864975147674443, 0.08901310304023383, 0.0856881212969204, 0.08352352895077232, 0.08212074284790126, 0.08106533011940542, 0.07934466488161729, 0.07804733231478861, 0.07715879289348049, 0.07647876726562967, 0.07637893682246218, 0.07572954268912778, 0.07592708518095884, 0.07534791110261194, 0.075064682856714, 0.07468880119178985, 0.07477769997319249, 0.07429049475801014, 0.07411659897468587, 0.07424478544249334, 0.0736859051549793, 0.07363572621625628, 0.07355890644870641, 0.07333698351547577, 0.07337685001530607, 0.07300705970122785, 0.07295910293371452, 0.0728920201347956, 0.07269995063472226, 0.07267422188706127, 0.07254258888411044, 0.07249682638900824, 0.07234926304232528, 0.07229782190913235, 0.07224765220543242, 0.07216570955587423, 0.07239043446726927, 0.07195796987809638, 0.07194436606879964, 0.07183059310995554, 0.07189836853205134, 0.0717260790029043, 0.07169901535896059, 0.07169892837272118, 0.07164159370053076, 0.07156959216764466, 0.07147441502440123, 0.07150288216435556, 0.07145312029463133, 0.07156793509595778, 0.07139969491470918, 0.07137995342660042, 0.07135452081641282, 0.07133041971313361, 0.07122304767213819, 0.07120474398967931, 0.0712284913858868, 0.07114240333245968, 0.07109305203558151, 0.07108632469094778, 0.07105741477109322, 0.07113742613311828, 0.07104204664404952, 0.07109377786822844, 0.07094173712072936, 0.07105576819989062, 0.07098181883960905, 0.07095733118591872, 0.07089945381038061, 0.07088597698265132, 0.07089923244886782, 0.07084353733452335, 0.07079247651685683, 0.07088743009469436, 0.0708792238720188, 0.0707617674524121, 0.07068692989832231, 0.07097145798082911, 0.07071871445194342, 0.07082719258956953, 0.07069160245565115, 0.0707754145113339, 0.07066826775087086, 0.07068624507408333, 0.07058670357196727, 0.07058400646001385, 0.07057917017475453, 0.0705412274923261, 0.07058615739037859, 0.07057563365501074, 0.07056722051343163, 0.07056752748552796, 0.070521995087531, 0.07046029888242768, 0.07052024321467082, 0.07045423778001475, 0.07043659258527211, 0.07047255746913604, 0.07036528748616519, 0.07036225577702618, 0.07065345952109583, 0.07036896009453153, 0.07041338838828827, 0.07032628439700957, 0.07042502528518609, 0.07042876574146839, 0.0704405102185649, 0.07037925111655971, 0.07082842554335432, 0.07040222860758996, 0.07028451431293808, 0.07031624943181475, 0.07041571847738996, 0.0703142631571484, 0.07035997659430078, 0.07030630069749273, 0.0702892372878766, 0.07029692923742567, 0.07025883183103653, 0.07042110448290828, 0.0702791852354008, 0.07020820030331157, 0.07017730837972223, 0.07034973979870725, 0.0702556243703082, 0.07049475401419548, 0.07024199045298778, 0.0703095801064446, 0.07022319113274055, 0.07028963241036555, 0.07012771997415951, 0.0701859840796194, 0.07018411191862844, 0.07013878649463237, 0.07012820175408123, 0.07007559103969456, 0.07018796712131674, 0.0701773224917475, 0.07022100850008428, 0.07026262822710262, 0.07008543313935911, 0.07012841177976313, 0.07034236006438732, 0.07025277683198566, 0.07027277162206139, 0.07007972183743962, 0.07006029549005036, 0.07061028097336756, 0.07022906381117877, 0.07025780705450714, 0.07019669027778654, 0.07007512212766491, 0.07013693386297815, 0.07009858036954097, 0.07004334138642343, 0.07014193069651893, 0.07010661695820798, 0.07004617099678641, 0.06998800870052446, 0.07023426319316087, 0.07049169149498619, 0.07000219110108002, 0.07002694210755632, 0.07004218717916151, 0.06994759917564917, 0.06994320882505645, 0.07030354075858952, 0.07007821530409385, 0.06991075137487919, 0.07004403665071737, 0.06993928116938199, 0.07001660682815518, 0.06999192116000043, 0.06999140995277361, 0.07004990644276654, 0.06993041143446933, 0.06989880722328906, 0.06999990611358453, 0.07017101433824834, 0.06997404908157089, 0.06991151373349984, 0.0700148559843709, 0.06997656033601868, 0.06999168675819425, 0.06991863021634177, 0.07002291152829603, 0.0700092761055744, 0.06986389210170404, 0.06989072374857337, 0.06986947402443366, 0.06993835327172837, 0.06997587236056801, 0.06990377414786747, 0.07004187537982833, 0.0697691636266656, 0.06985834426644706, 0.0699831816751709, 0.06992448502014043, 0.07007771582904322],