{"epoch": 9, "train_loss": [6.667741568721071, 5.798924385284891, 5.545349254900096, 5.33883395973517, 5.145218345583702, 4.968324724508792, 4.8236850743391075, 4.695374848891277, 4.584023242094079, 4.4800106943870075], "valid_loss": [5.923810209546771, 5.626105036054339, 5.4221891675676614, 5.242399896894183, 5.103139468601772, 4.928439889635358, 4.822491032736642, 4.733498573303223, 4.644442353929792, 4.589190755571638], "train_metric": [0.10824485002409902, 0.054967093312788984, 0.04923540343614412, 0.045243230918797325, 0.041558637016452085, 0.03821768113739636, 0.03517300916399275, 0.032442121002820075, 0.029998238306276008, 0.027761485287413304], "valid_metric": [0.05954358507153917, 0.05152517979056065, 0.04738687780723565, 0.04427285745841305, 0.04165488662340992, 0.038815266377217064, 0.036216667807919725, 0.03467671856719752, 0.03288273180992995, 0.031184823312705043], "bleu_score": 7.638880007677557e-79}