{"epoch": 9, "train_loss": [6.1349292433991724, 5.343756262136965, 5.0601829460689, 4.86327735745177, 4.696054434289738, 4.559240774232514, 4.433035828629318, 4.312111698851293, 4.195720074128132, 4.080838048944668], "valid_loss": [5.608909904956818, 5.3747798204422, 5.222630143165588, 5.098295509815216, 5.069367289543152, 4.957944571971893, 4.956091642379761, 4.929322361946106, 4.940154850482941, 4.934045851230621], "train_metric": [0.07758130488804409, 0.03868431645607462, 0.027511772952955597, 0.02098324609873246, 0.01666588242890862, 0.013552823224080239, 0.011215658891638931, 0.00938208133152553, 0.0079431868058808, 0.006785022301187321], "valid_metric": [0.04534970493879816, 0.0343042776941689, 0.028423923257588465, 0.02465082861709705, 0.02198539108937759, 0.02032352760323247, 0.019530744294759414, 0.018336177706514516, 0.01814642450634734, 0.017568297436066194], "bleu_score": 0.019352783426113046}