{"epoch": 99, "train_loss": [0.16795827812333217, 0.13501865001416755, 0.13542227579773158, 0.13440737153949409, 0.13218679745820747, 0.13179320589393034, 0.131103385882131, 0.1285698734566398, 0.12630683196515874, 0.12483292317082142, 0.11902887862304161, 0.11308754584484401, 0.11086364978945804, 0.10801668415895138, 0.10567512149098275, 0.10541445603487136, 0.10407469400215423, 0.10214863593379657, 0.10043262187177422, 0.0997968910840051, 0.0995235543954989, 0.09953539126991541, 0.0986044734673596, 0.09834317779489632, 0.0978135440455771, 0.09778453568103669, 0.09647193086472736, 0.09647893421780104, 0.09661647090795396, 0.09607155805175331, 0.0953751456463474, 0.09645160685839324, 0.09603540738509304, 0.09589054450478363, 0.09576142581458065, 0.09527231956264753, 0.09481317462164095, 0.09476628188771763, 0.0948111558354449, 0.09398971078382141, 0.0947227715461076, 0.09422104178403301, 0.09427199739663081, 0.09392505558742874, 0.09379594402666065, 0.09371149313004537, 0.0938681538120426, 0.09265078756230316, 0.09360423303027263, 0.09408797991686854, 0.0926704688276025, 0.09280489907525051, 0.09257507450536065, 0.09277215681370647, 0.09597066139010177, 0.09335100044892437, 0.09312951528392303, 0.09389101771702027, 0.0925662897141843, 0.09215125345207494, 0.09115814762297032, 0.09167278234729137, 0.09155187678748164, 0.09131716949672535, 0.09131783349760647, 0.09262327404542901, 0.09177768144799375, 0.09188431661961408, 0.09181376792833038, 0.09099483258765319, 0.09130247795804479, 0.09091638035044589, 0.09094863851693855, 0.09049030487564788, 0.09106009220169194, 0.09057000724748633, 0.09073235786081045, 0.09113349962508542, 0.09060073269252804, 0.09043763481594365, 0.08948940661703718, 0.09165507111826847, 0.09097693280327594, 0.09029310881748967, 0.0900057895515842, 0.09006174735125454, 0.09046022908697868, 0.0899311490142825, 0.08972067811965258, 0.08943559064519131, 0.08993014937330937, 0.08982478617422882, 0.08970391955868952, 0.0888415736242615, 0.08903262400250325, 0.0890460292241354, 0.09015626038542424, 0.08969758269002383, 0.08981386398703887, 0.08928692452181344], "valid_loss": [0.1437048881004254, 0.14594493309656778, 0.13587363126377264, 0.13133235275745392, 0.13603037719925246, 0.13362753267089525, 0.1305849254131317, 0.12742742213110128, 0.12704278404513994, 0.12410655555625756, 0.11886322125792503, 0.11399075947701931, 0.1109857155630986, 0.110269986713926, 0.10856614013512929, 0.1079182866960764, 0.10486478793124358, 0.10406503950556119, 0.10269711973766486, 0.10460465587675571, 0.10296027796963851, 0.10266756638884544, 0.10298916511237621, 0.10603499660889308, 0.10422160911063354, 0.10271594487130642, 0.10181701369583607, 0.10253404267132282, 0.10109033000965913, 0.10151875639955203, 0.1049599318454663, 0.10137675578395526, 0.10259558881322543, 0.10243124638994534, 0.10109199211001396, 0.10214304737746716, 0.10040446805457275, 0.10055010144909222, 0.10094900925954182, 0.10003907668093841, 0.10025260287026565, 0.10033790705104668, 0.0998939046015342, 0.10088163428008556, 0.10021725421150525, 0.10047758743166924, 0.09873802835742633, 0.09953765509029229, 0.10158881296714146, 0.09981704317033291, 0.10111131394902866, 0.09966660353044669, 0.10098924736181895, 0.09999903105199337, 0.10160246739784877, 0.10516431120534737, 0.10161856623987357, 0.10357513837516308, 0.10080422709385554, 0.10313720069825649, 0.1011948324739933, 0.10039981827139854, 0.09935774592061837, 0.10036913864314556, 0.10091972599426906, 0.10118826727072398, 0.10007601045072079, 0.10279221832752228, 0.09991193562746048, 0.09980995021760464, 0.09965116841097672, 0.09955239792664845, 0.10024139905969302, 0.10132165749867757, 0.09880124218761921, 0.10053853628536065, 0.10070002389450868, 0.09969837342699368, 0.10167628278334935, 0.0987696647644043, 0.10008668464918931, 0.10074380040168762, 0.10037072189152241, 0.10057888428370158, 0.10065496402482192, 0.10010255314409733, 0.09990617570777734, 0.10089140944182873, 0.0998834998657306, 0.10027602004508178, 0.10186605714261532, 0.09946480517586072, 0.10060665880640347, 0.09891856896380584, 0.09958078774313132, 0.10028324214120705, 0.09927813025812308, 0.10102445011337598, 0.09952143331368764, 0.10161854202548663], "train_metric": [10.273490399040485, 9.043359291606322, 8.999908143796356, 8.976185347264666, 8.767770275784887, 8.744162069893406, 8.738014098837748, 8.483677772510703, 8.215874742973602, 8.000948808343633, 7.682989057294174, 7.186128332585215, 7.027875714725672, 6.793721355398789, 6.666450989902913, 6.532104661228738, 6.453647700460884, 6.358849008869687, 6.235844536656744, 6.194198321833292, 6.16598416240086, 6.168489233605794, 6.084937802999174, 6.087557241870875, 6.016579716737373, 5.988323418544199, 5.988283515957544, 5.937231703382123, 5.965547573317402, 5.881215391945904, 5.830900612046483, 5.939412867426746, 5.910738174461016, 5.894100665744284, 5.887165444690634, 5.891548678351244, 5.817345204849388, 5.789242312384447, 5.880261703140249, 5.749985578367544, 5.767125554113957, 5.776078172061081, 5.773811487639396, 5.7708769953434516, 5.7523799798840285, 5.745980381286453, 5.763751281718962, 5.667437483173153, 5.770221381782102, 5.76454112770739, 5.657329362111395, 5.730456002680755, 5.698612907813757, 5.680744592940714, 5.8783343955670055, 5.74242643254496, 5.719699880548056, 5.762342718236681, 5.6886823138599025, 5.665108705880043, 5.598889774500406, 5.624455682384638, 5.58798694469728, 5.6017971058942315, 5.628895498172319, 5.688461339129102, 5.651706989366411, 5.629290397017785, 5.703451506370581, 5.564870051528663, 5.692619653763361, 5.597211999967647, 5.600617004059669, 5.516761144673077, 5.5447420465163875, 5.596582590213027, 5.58907417688573, 5.602823525094916, 5.5771895531587745, 5.5550150825997955, 5.567458079318554, 5.674064150840629, 5.593806189307434, 5.536906878086403, 5.505392754372224, 5.576571117400318, 5.627827186528125, 5.511517854148412, 5.516665170302897, 5.556594776589047, 5.530742682291753, 5.587703815113268, 5.552727125545775, 5.479498529766249, 5.515504599170963, 5.532661459722155, 5.506342539130245, 5.5837814764122236, 5.560543207610099, 5.525101984671637],