{"epoch": 9, "train_loss": [6.142377622273504, 5.3589377670871965, 5.081903820135156, 4.8655164412089755, 4.692364935972253, 4.546451279095241, 4.417638939254138, 4.306647415063819, 4.2057834109481504, 4.109625339508057], "valid_loss": [5.513807909829276, 5.207750184195382, 4.991768836975098, 4.832733699253628, 4.730492183140346, 4.611704417637417, 4.528336661202567, 4.47511237008231, 4.402625969478062, 4.364637511117118], "train_metric": [0.08113433411267339, 0.04643964872399155, 0.0388947490956832, 0.03321620715082908, 0.028708795072594467, 0.025055423323956407, 0.022007051787084463, 0.019478126587998273, 0.017361188407430842, 0.015511344573570306], "valid_metric": [0.05162107815175268, 0.043497257053819204, 0.03819804639583082, 0.03400979179695131, 0.03080316807641157, 0.02811649446650493, 0.02609473332080536, 0.02442121409300299, 0.022655972752375603, 0.021661701963368224], "bleu_score": 0.02137412884361306}