{"epoch": 99, "train_loss": [0.11251622478598515, 0.09723377424000784, 0.09351688262274246, 0.09021633572855126, 0.0881869388594939, 0.08718462419369123, 0.08651103251542583, 0.08560956666914334, 0.08440999203461101, 0.08341580117299072, 0.08286375754498627, 0.08233845628307464, 0.08182669601239662, 0.08153739388150569, 0.0812059806816223, 0.08090540420136037, 0.08064731322086723, 0.08044887658471654, 0.0802717243075968, 0.0801007941343914, 0.07990198763698794, 0.07985660404620962, 0.07954031434478878, 0.07936892953331633, 0.07933904542338871, 0.0790387588634888, 0.07868022392219544, 0.07857592611481215, 0.07843983904032023, 0.078310945081944, 0.07804152214338021, 0.0779778464690192, 0.07909148101310978, 0.07804229701620363, 0.07798203987332473, 0.07823426833639334, 0.07758241940737624, 0.07788264708422864, 0.07765781436513626, 0.07773801114922034, 0.0774039862293551, 0.07792101090041678, 0.07797930744220681, 0.07776994173742034, 0.07732046282324115, 0.0770372077271712, 0.07689346051917105, 0.07702090960877542, 0.0769725315901984, 0.07687990461078024, 0.07669895641569702, 0.07693550927486299, 0.07704627498778166, 0.07642102235117713, 0.07731248097288074, 0.07634035043439735, 0.07617354688753608, 0.07573580401523025, 0.07582599622062372, 0.07591638744822952, 0.07570284131189225, 0.07549974510538612, 0.07547372006917842, 0.07609176533900998, 0.07558724755698545, 0.07573070450159827, 0.07564414970448795, 0.07579841908735742, 0.07542481542856411, 0.07565073480559442, 0.07575215858528177, 0.07524609833756704, 0.0755895963080853, 0.07568818739551397, 0.07526783351715341, 0.07581667227222662, 0.07571907766618347, 0.07512987915334071, 0.07516139498840704, 0.07545645164951455, 0.07503953143662795, 0.0751493418507477, 0.0763371964234091, 0.07587254087561528, 0.07556900251585677, 0.0762003087118723, 0.07562347666808326, 0.07570339019858201, 0.07541365924874278, 0.07515983215625618, 0.07595803625241832, 0.07509734902445597, 0.07515923919170413, 0.07614014712375596, 0.07659588925334276, 0.07545493006748893, 0.07527999368403818, 0.07560357188749063, 0.0754354546745912, 0.07502160190590408], "valid_loss": [0.10371847140292327, 0.09929076295208047, 0.09611459262669086, 0.09380271700383336, 0.09172690817741332, 0.09122995701790959, 0.09089574524787841, 0.08923669823755821, 0.08793083476247611, 0.08754627652880219, 0.08742159789911023, 0.08618525253539835, 0.08616208763862097, 0.08587348324557145, 0.08617298237427518, 0.08559476306179055, 0.08557382688892108, 0.0857661678697224, 0.08553246760533915, 0.08473667865963998, 0.08493778223378791, 0.08479781294310534, 0.08472229908737872, 0.0844624789983586, 0.08435303561941342, 0.08405447590544268, 0.08395749150464932, 0.08370774743595609, 0.08334986222562966, 0.08305212308273272, 0.08303175841768583, 0.08332792299765128, 0.08408988217512767, 0.08273407833443748, 0.08347789972192711, 0.08343595000052893, 0.0833782648253772, 0.08392563559528854, 0.08287315181008091, 0.08360020406544208, 0.08270895667374134, 0.08312453733826125, 0.0857716555327729, 0.08223687580752152, 0.0821553560456744, 0.0823441868647933, 0.08249490915763158, 0.08205350242831089, 0.08315196476048893, 0.08198680752819335, 0.08260831970859457, 0.08404930701686276, 0.08194029932082803, 0.08545684286013798, 0.08339488641531378, 0.08179160332376206, 0.08125416756504111, 0.08176656812429428, 0.08102494930089624, 0.08124699941663831, 0.08127849968495192, 0.08241097656665025, 0.08173026087935324, 0.08190793672369587, 0.08215215966381409, 0.08232565386979668, 0.0814423317986506, 0.08198159188722019, 0.08104519385292575, 0.08393547638422913, 0.08120248511571575, 0.08082125279362555, 0.08104521500429622, 0.08174841257019175, 0.08141422295184048, 0.08388120842476686, 0.08126561440251491, 0.08170136676894293, 0.08140157772986978, 0.08146025270085644, 0.08156485267121483, 0.08424879995485147, 0.08327227658419697, 0.08285967596565132, 0.08248585125914326, 0.08370934488182818, 0.08279646445341685, 0.08190680654650485, 0.0819355930581137, 0.08231037717864469, 0.0816055924045267, 0.0817448260538556, 0.08195329680348988, 0.08175430104688362, 0.0821420666727203, 0.08193524981400481, 0.08194786024590334, 0.08244905202753014, 0.08132629575276816, 0.0835205390083569], "train_metric": [8.031049316955416, 6.834620401939361, 6.528446276156969, 6.2619334353648695, 6.07966459392142, 5.993097225489143, 5.96429372935478, 5.907459134058284, 5.779307010051236, 5.701318181599113, 5.635430349944402, 5.596386318481027, 5.572232320571603, 5.510133825090449, 5.4855340668855375, 5.46996755080572, 5.445600760107886, 5.446450313088889, 5.4387372128169655, 5.4435507139399055, 5.422000975568251, 5.426720949794309, 5.412111829784304, 5.404032785830378, 5.410742592471123, 5.393965874402381, 5.38426876188943, 5.393630771212741, 5.364516649433382, 5.372252976799178, 5.350816943317118, 5.350267074252318, 5.391294911808906, 5.341478227581946, 5.353729808824274, 5.387132677491198, 5.330691044363669, 5.361997981536035, 5.3267080365019766, 5.344344632287009, 5.31552016183459, 5.345229041585252, 5.357707550780592, 5.3384980729243665, 5.314600069008619, 5.297327151961244, 5.275528828333551, 5.292841580512794, 5.294911369401092, 5.2778248313943905, 5.256958867287906, 5.282155661099285, 5.318469312576314, 5.2485101114227435, 5.348015453365688, 5.27760295108108, 5.252455015989079, 5.200257757194358, 5.226666741640913, 5.221393920482727, 5.224637199123842, 5.220198004693152, 5.19589845128918, 5.258516744333748, 5.195874748188353, 5.228721245836226, 5.225598410066315, 5.217812411640269, 5.206196586772682, 5.211301515395082, 5.226558818758986, 5.180294042505164, 5.221957837119772, 5.227038887881475, 5.194312416065715, 5.213932024674392, 5.224498341745527, 5.177368770048983, 5.175273260972303, 5.215289518846977, 5.192716718613573, 5.212862730823319, 5.281586826217417, 5.228559142889078, 5.208680993710322, 5.24066236785631, 5.25270828758437, 5.21448021866446, 5.2090951381536765, 5.196217896950231, 5.221505839962322, 5.2003560140434795, 5.183959828728503, 5.254818254196164, 5.302443049584439, 5.215386532750292, 5.21212434801807, 5.229519405142355, 5.2026103327809645, 5.1843695683165505],