{"epoch": 89, "train_loss": [6.560247246099978, 5.543082548647511, 5.175728021835794, 4.988169837971123, 4.853490121510564, 4.719311487917998, 4.595116853713989, 4.492738006066303, 4.403982381431424, 4.319925213346676, 4.241695343231668, 4.166997792769451, 4.101696311211099, 4.0364957962717325, 3.9700547529726613, 3.906399651449554, 3.8460820511895784, 3.7847902276078047, 3.726966630439369, 3.6678397898771324, 3.606565217582547, 3.5488075577482885, 3.4935549363798026, 3.4404041256223405, 3.3835758834469076, 3.330465167152638, 3.278972011439654, 3.2297427763744277, 3.1787478230437456, 3.1338089449065074, 3.089016538493487, 3.044507622718811, 3.003437986179274, 2.9629418837780856, 2.925684453273306, 2.8881177768415336, 2.8514838303838457, 2.8204331020919646, 2.7879496727670943, 2.756843755439836, 2.7251171348046284, 2.699804943435046, 2.6728732439936422, 2.6494035270749308, 2.62129222251931, 2.6000760732864845, 2.578640965782866, 2.5589725326518624, 2.538113523502739, 2.5209827240632503, 2.5068155514950656, 2.490452169155588, 2.477887235125717, 2.45870912318327, 2.4474342915476583, 2.435815926717252, 2.4259530330190855, 2.4153395587084243, 2.4070912295458267, 2.398453082357134, 2.391910500672399, 2.382698201403326, 2.372831101320228, 2.3735564338917636, 2.3622221545297273, 2.3572828003338406, 2.3553126636816533, 2.352124121724343, 2.3482995884759084, 2.346040594334505, 2.3439688986661484, 2.341447731670068, 2.3373837629143073, 2.343088927317639, 2.3389460505271447, 2.3354507429259166, 2.338140546059122, 2.337261657325589, 2.3367030900351855, 2.343336978737189, 2.343246495237156, 2.34300276332972, 2.345434218036885, 2.346297024464121, 2.3507151433399747, 2.3525800741448695, 2.351081197359124, 2.3592399845317917, 2.3616777098908717, 2.3641308059497756], "valid_loss": [5.818447232246399, 5.3262845277786255, 5.119967043399811, 4.984556317329407, 4.8637096881866455, 4.742945075035095, 4.66739809513092, 4.580147922039032, 4.530145287513733, 4.460273623466492, 4.425055205821991, 4.384761869907379, 4.351077616214752, 4.311759769916534, 4.32461142539978, 4.30157196521759, 4.290403425693512, 4.2710612416267395, 4.287366569042206, 4.284857511520386, 4.316536843776703, 4.304265975952148, 4.334382057189941, 4.322413265705109, 4.297752737998962, 4.313502609729767, 4.3442071080207825, 4.374938011169434, 4.408000886440277, 4.450842261314392, 4.459224760532379, 4.488664031028748, 4.549346029758453, 4.571830213069916, 4.556734681129456, 4.635148882865906, 4.703518569469452, 4.738679766654968, 4.685819625854492, 4.738726317882538, 4.80146324634552, 4.77614152431488, 4.801601946353912, 4.834661900997162, 4.842300236225128, 4.943053781986237, 4.944305419921875, 4.97784149646759, 4.971243441104889, 4.978326439857483, 4.99197643995285, 5.013249397277832, 5.053317368030548, 5.039174914360046, 5.0452064871788025, 5.098185300827026, 5.059257626533508, 5.094208002090454, 5.103490769863129, 5.116118431091309, 5.125248551368713, 5.123145043849945, 5.16569310426712, 5.084826290607452, 5.143514335155487, 5.176734089851379, 5.194444894790649, 5.154057860374451, 5.19182413816452, 5.157476365566254, 5.1210572719573975, 5.202552676200867, 5.162705659866333, 5.15427178144455, 5.205848038196564, 5.159709393978119, 5.128153026103973, 5.190186858177185, 5.086782693862915, 5.139190137386322, 5.145700812339783, 5.10057806968689, 5.133241653442383, 5.133761286735535, 5.106857657432556, 5.117994546890259, 5.114605724811554, 5.13606470823288, 5.0944695472717285, 5.119181931018829], "train_metric": [0.11543577003186266, 0.05470662296217315, 0.047740368689712216, 0.04346590829031808, 0.04035951335050622, 0.03772064001589405, 0.03547397827148437, 0.03340741229032399, 0.03161934291294643, 0.02997040135597696, 0.02843252073949697, 0.027000052172830226, 0.025711901805644134, 0.024478522693867587, 0.023356548891651386, 0.022272623901367188, 0.021264373492805324, 0.02028903023856027, 0.019418362799668486, 0.018550997115154656, 0.017745109757403937, 0.017002594327342753, 0.016346239359330158, 0.015725268209029218, 0.015119717534902145, 0.014570690889942403, 0.014058868078115036, 0.013614389637538365, 0.013161805029110032, 0.012739818300519672, 0.012419761442846181, 0.012037127683989856, 0.01172929957954251, 0.011422043228149414, 0.011142026051112584, 0.010880440016765984, 0.010627974814590142, 0.010394331574731944, 0.010184794977927694, 0.009983813890729632, 0.009800491149279536, 0.009623767208177217, 0.009440196098794743, 0.009275711277553013, 0.009104978552059252, 0.008956631616864885, 0.00882849226503956, 0.00870691698969627, 0.008598387480802152, 0.008475680870523259, 0.008382057238209005, 0.008282656695307518, 0.008193623210362025, 0.008094286542619978, 0.008025651340095365, 0.00795768981155084, 0.007887292104448591, 0.007827636222060846, 0.007766184692382812, 0.007718005289350237, 0.007650030284025231, 0.0075922208233268895, 0.0075613949437044106, 0.0075412404196602955, 0.007492663371806242, 0.007465614474549585, 0.00744499466831312, 0.007409960703168596, 0.007393038630582848, 0.007383042494326222, 0.007343181155457789, 0.007342079799418547, 0.007330656582579321, 0.007336592845527493, 0.00731913442417067, 0.007309912590493961, 0.007310273544528296, 0.007323263102161641, 0.007315899834924815, 0.007344189679671307, 0.007348143905328244, 0.007341854903551997, 0.007363555865845284, 0.0073750727579545, 0.007386256536366988, 0.007400719459689393, 0.007406108557253468, 0.007443351862400984, 0.007456248651621293, 0.007479934004180285], "valid_metric": [0.058801223709564664, 0.04918938719548351, 0.04469643650426289, 0.04155452234387568, 0.03937831841316597, 0.03746426865260156, 0.035837416627359606, 0.03430826575065548, 0.03342787491161953, 0.032019638147124385, 0.030729397845181704, 0.030155665026601688, 0.029796002561824967, 0.02891595320344404, 0.028687255577395397, 0.027927684521677733, 0.027559897939228615, 0.027310417577281747, 0.027526391377321578, 0.027087682560979567, 0.026672171434413586, 0.027214985441393145, 0.026522594767033288, 0.026420949093121374, 0.02611717574077921, 0.02627862148349952, 0.02622244191529032, 0.026545742187231446, 0.026996586365007933, 0.02811011424645275, 0.028023254206544848, 0.029266506552158598, 0.029013590738726402, 0.028862062621439217, 0.027949243456784182, 0.032335714202367256, 0.03270285063720408, 0.033520493713519894, 0.033225891831657854, 0.034042972039762025, 0.0360483807576475, 0.03409569056012321, 0.03552163782561393, 0.038249250266591574, 0.03710833385745732, 0.04522303139700536, 0.04265396861717418, 0.044354513661589455, 0.04204189152413896, 0.04524287411697416, 0.04613469494882688, 0.04441020555614757, 0.04578442911859944, 0.04863139454542954, 0.04409573384734903, 0.049481566402597696, 0.048793712578621286, 0.047782082306435235, 0.04688132876361666, 0.048967618630698456, 0.04821402545862237, 0.05143578424140075, 0.05272139688881432, 0.04890341346983259, 0.04881212802862206, 0.05383888490521833, 0.05541262196020618, 0.04984933947352421, 0.053244389659985236, 0.0560692820424701, 0.04963934590695597, 0.049954266768977816, 0.04996061282062961, 0.049509568655534145, 0.0582874488180167, 0.04784148827518073, 0.051525404492354, 0.05390319555666748, 0.048889893135370406, 0.0502640375589042, 0.052653902889071694, 0.05005696239729497, 0.053458982515277385, 0.052804929485495186, 0.047880478333278194, 0.04931561444120666, 0.05230972781824916, 0.052263531167178565, 0.05248292094868358, 0.05193757474809285], "bleu_score": 0.04009016558171312}