{"epoch": 199, "train_loss": [0.09275829641722809, 0.06158188508249154, 0.05528108842445468, 0.05300249797305474, 0.0516278936798746, 0.05042288339393541, 0.049130639874561545, 0.048272291367460224, 0.04741855052914417, 0.0464079688874849, 0.04567589677644824, 0.0452371154366979, 0.044958431950048346, 0.044594091588701056, 0.04438426879419803, 0.044120692180990316, 0.04358026111412589, 0.043418288010814, 0.0432438809781601, 0.043037826611367874, 0.04287273069623568, 0.04280406638566587, 0.042821657507055, 0.04244678997050874, 0.04239806997179126, 0.04227304147014271, 0.042177750427082654, 0.04199155002445927, 0.042017014404646086, 0.042015961076130266, 0.04185980457077152, 0.04177624915702328, 0.041717356842505056, 0.041945351271619025, 0.04139418078328802, 0.04151526463193878, 0.04133014975824213, 0.04120048925935449, 0.04119121879929682, 0.041364543470057524, 0.041403935851813733, 0.04116822693695553, 0.04110025467018272, 0.04083935854022501, 0.04088918715769087, 0.04083896500544263, 0.04077881855637866, 0.040775225317959136, 0.040777828399446235, 0.040752609370421265, 0.04083381580747127, 0.04053100007009137, 0.040823551096150955, 0.04065418663845325, 0.040483971453816645, 0.04051686512166768, 0.04066018398813581, 0.04055554798592193, 0.0404872124604022, 0.040334792818433954, 0.040613583224672574, 0.04052126579126209, 0.04055665989113859, 0.0401649864589103, 0.04044365048172323, 0.040507575985505875, 0.04027689738542657, 0.04103611712813678, 0.04051050934564827, 0.04076410805060386, 0.04083254925842244, 0.04042284855865994, 0.0402272196865026, 0.04017987296183832, 0.04086065469765955, 0.04049449738233165, 0.0401063411958215, 0.04032689036924918, 0.04019049377118906, 0.04069633486946395, 0.04029235947791283, 0.04076679136002871, 0.0405117510817945, 0.04028516440848238, 0.040598452296537434, 0.040945711316170454, 0.040253515963198386, 0.04019993638904277, 0.04045201541174214, 0.040211500602664284, 0.04053128700333001, 0.040330087767393254, 0.040811283152915476, 0.04063066203812787, 0.04033014817721605, 0.04020079715520959, 0.03997419209968331, 0.04076439896142191, 0.041541844206494455, 0.04056035859043299, 0.04019277285709333, 0.04032577948660861, 0.04009285906292176, 0.040121950559393216, 0.03987644449606409, 0.04024791955325205, 0.04019537708730107, 0.040315934757484656, 0.03978596571886574, 0.0403904439988801, 0.04070747593653949, 0.04047641758498352, 0.04018619127292455, 0.03983672731623097, 0.04110616661865876, 0.040502436582525114, 0.0402640044120186, 0.04041219901787359, 0.04067781760279487, 0.0401249374759515, 0.040051260286732775, 0.040774691011219874, 0.040753125215770535, 0.052248571692061443, 0.056706618482746204, 0.055838344903174325, 0.05298104799843745, 0.05154651434023889, 0.05032840366837614, 0.04915891340544571, 0.045832437500679696, 0.0439315657896293, 0.04381581035949912, 0.04240024981413691, 0.0420764961269193, 0.041792007302731186, 0.04186472539341759, 0.0411204906067776, 0.04103473761529589, 0.04109081556693106, 0.04101427903221732, 0.04102257358162564, 0.04074923395278517, 0.040930156158524904, 0.04135132470149386, 0.04103197958266701, 0.04110049358663023, 0.040894277599138294, 0.04073574498124013, 0.04054283714243976, 0.04072548552639031, 0.040765886749234856, 0.04069563044068707, 0.04036011740092929, 0.04028399066290998, 0.041060393160847836, 0.04047239740762956, 0.04017583164185157, 0.04076529048538904, 0.04014873515911164, 0.04032381220589196, 0.040479039770661064, 0.04056046329712447, 0.040628949953216295, 0.041073493611185626, 0.040409925992275865, 0.04060793434932656, 0.04066594842665692, 0.040970226565928816, 0.042109958910697305, 0.041300343196592176, 0.04132048999192864, 0.04052677775547982, 0.040037254784095186, 0.04106878499454827, 0.040207776942851305, 0.04081736312325646, 0.04042816810411876, 0.04148182659128128, 0.041650563816644615, 0.04076980495616064, 0.040034080589839635, 0.04163111470806109, 0.040969562840242724, 0.04139236346295141, 0.041105603377847404, 0.04079418256073675, 0.04049306563356682, 0.04168455997047146, 0.04143036388515653, 0.04081772926722463, 0.04105700636738831, 0.04235601871239521, 0.04262685895057379, 0.0413920581662861, 0.042003162229374606, 0.044934546722566186, 0.0444288594723392, 0.047842411904110003, 0.048323701280746235],