{"epoch": 399, "train_loss": [0.12874660444026456, 0.11669938510127423, 0.10900322002010378, 0.10032137496866116, 0.09871811276472366, 0.0974029709926259, 0.09626516052130751, 0.09581636485665013, 0.09445871466784987, 0.09324819820698436, 0.09237317038870609, 0.09166576797924651, 0.09093924326722631, 0.08990541567585168, 0.08921627278745402, 0.0888822203011515, 0.08899766683777552, 0.08786451187027433, 0.0877299994863001, 0.08718575341342628, 0.08687336463303455, 0.08690024384133915, 0.08661088167924348, 0.08627512994869292, 0.08636379649130385, 0.08654244567217831, 0.08578902776068688, 0.08631298214353564, 0.08573357604856369, 0.08542391255085591, 0.08630564287731438, 0.08723769554839904, 0.08608494647103183, 0.08860248112553404, 0.08792394615766656, 0.08737050494506159, 0.08700563431582378, 0.08847249539227772, 0.08768266961262881, 0.08654243664332588, 0.08902183636838129, 0.08914392056540792, 0.08961809949437512, 0.0916254330134972, 0.0926494978062581, 0.0896590277303778, 0.09142167350092462, 0.09130033721635473, 0.09281953619366498, 0.09581578391753422, 0.09360488870302001, 0.09300535388347757, 0.09799338335469934, 0.09780890831567404, 0.09611789334764462, 0.09560089980301853, 0.09447268213195201, 0.0985541301032969, 0.09563231424478288, 0.0964698258410599, 0.09580022707325585, 0.09834541148996649, 0.10185986707157647, 0.10082661376142775, 0.10151497507112399, 0.10278737755449674, 0.10139032783882536, 0.10432256540311997, NaN, NaN, NaN, NaN, NaN, NaN, NaN, NaN, NaN, NaN, NaN, NaN, NaN, NaN, NaN, NaN, NaN, NaN, NaN, NaN, NaN, NaN, NaN, NaN, NaN, NaN, NaN, NaN, NaN, NaN, NaN, NaN, NaN, NaN, NaN, NaN, NaN, NaN, NaN, NaN, NaN, NaN, NaN, NaN, NaN, NaN, NaN, NaN, NaN, NaN, NaN, NaN, NaN, NaN, NaN, NaN, NaN, NaN, NaN, NaN, NaN, NaN, NaN, NaN, NaN, NaN, NaN, NaN, NaN, NaN, NaN, NaN, NaN, NaN, NaN, NaN, NaN, NaN, NaN, NaN, NaN, NaN, NaN, NaN, NaN, NaN, NaN, NaN, NaN, NaN, NaN, NaN, NaN, NaN, NaN, NaN, NaN, NaN, NaN, NaN, NaN, NaN, NaN, NaN, NaN, NaN, NaN, NaN, NaN, NaN, NaN, NaN, NaN, NaN, NaN, NaN, NaN, NaN, NaN, NaN, NaN, NaN, NaN, NaN, NaN, NaN, NaN, NaN, NaN, NaN, NaN, NaN, NaN, NaN, NaN, NaN, NaN, NaN, NaN, NaN, NaN, NaN, NaN, NaN, NaN, NaN, NaN, NaN, NaN, NaN, NaN, NaN, NaN, NaN, NaN, NaN, NaN, NaN, NaN, NaN, NaN, NaN, NaN, NaN, NaN, NaN, NaN, NaN, NaN, NaN, NaN, NaN, NaN, NaN, NaN, NaN, NaN, NaN, NaN, NaN, NaN, NaN, NaN, NaN, NaN, NaN, NaN, NaN, NaN, NaN, NaN, NaN, NaN, NaN, NaN, NaN, NaN, NaN, NaN, NaN, NaN, NaN, NaN, NaN, NaN, NaN, NaN, NaN, NaN, NaN, NaN, NaN, NaN, NaN, NaN, NaN, NaN, NaN, NaN, NaN, NaN, NaN, NaN, NaN, NaN, NaN, NaN, NaN, NaN, NaN, NaN, NaN, NaN, NaN, NaN, NaN, NaN, NaN, NaN, NaN, NaN, NaN, NaN, NaN, NaN, NaN, NaN, NaN, NaN, NaN, NaN, NaN, NaN, NaN, NaN, NaN, NaN, NaN, NaN, NaN, NaN, NaN, NaN, NaN, NaN, NaN, NaN, NaN, NaN, NaN, NaN, NaN, NaN, NaN, NaN, NaN, NaN, NaN, NaN, NaN, NaN, NaN, NaN, NaN, NaN, NaN, NaN, NaN, NaN, NaN, NaN, NaN, NaN, NaN, NaN, NaN, NaN, NaN, NaN, NaN, NaN, NaN, NaN, NaN, NaN, NaN, NaN, NaN, NaN, NaN, NaN, NaN, NaN, NaN, NaN, NaN, NaN, NaN, NaN, NaN, NaN, NaN, NaN, NaN, NaN, NaN, NaN, NaN, NaN, NaN, NaN, NaN], "valid_loss": [0.12587954597892584, 0.11648031417970305, 0.1077495115360728, 0.10379582270979881, 0.10274634100496768, 0.1043701078052874, 0.09898025015438044, 0.09937902952509897, 0.10093019186622566, 0.09559650499787596, 0.09722463180897413, 0.0944458731967542, 0.09307589659950248, 0.09301176021496455, 0.09164940876265366, 0.09245971963499432, 0.09174411121617865, 0.09258348536850125, 0.09096393385143192, 0.09185497546223578, 0.09060603952104294, 0.09042259089786697, 0.09175732035051894, 0.09267079177554007, 0.08969536327791434, 0.09148828314824237, 0.08969766323765119, 0.0891580488808729, 0.09077348775333828, 0.08924656342715025, 0.09134161475769899, 0.08807174197087685, 0.09140465205052385, 0.09295173735116367, 0.09382671673816663, 0.0887159109391548, 0.09311811554901026, 0.09092020277209856, 0.08948409539405947, 0.09014788527317621, 0.09602645032659725, 0.09173467974695894, 0.09207389779664853, 0.09624145785691561, 0.09273991660663375, 0.09226648504673331, 0.09428177380727397, 0.09674215112571363, 0.10346507725340348, 0.09795919604323529, 0.09453213130020433, 0.10140121987572423, 0.09822248581934859, 0.10128704265311912, 0.09895136839261762, 0.10080287959426641, 0.09439921055540994, 0.10222638826127406, 0.09917563630474938, 0.10326806672469334, 0.09660396199259493, 0.10248048116487485, 0.10804427133666145, 0.10364702584014998, 0.10609434847202566, 0.10928784563309617, 0.10570974926705713, 0.1095327178499213, NaN, NaN, NaN, NaN, NaN, NaN, NaN, NaN, NaN, NaN, NaN, NaN, NaN, NaN, NaN, NaN, NaN, NaN, NaN, NaN, NaN, NaN, NaN, NaN, NaN, NaN, NaN, NaN, NaN, NaN, NaN, NaN, NaN, NaN, NaN, NaN, NaN, NaN, NaN, NaN, NaN, NaN, NaN, NaN, NaN, NaN, NaN, NaN, NaN, NaN, NaN, NaN, NaN, NaN, NaN, NaN, NaN, NaN, NaN, NaN, NaN, NaN, NaN, NaN, NaN, NaN, NaN, NaN, NaN, NaN, NaN, NaN, NaN, NaN, NaN, NaN, NaN, NaN, NaN, NaN, NaN, NaN, NaN, NaN, NaN, NaN, NaN, NaN, NaN, NaN, NaN, NaN, NaN, NaN, NaN, NaN, NaN, NaN, NaN, NaN, NaN, NaN, NaN, NaN, NaN, NaN, NaN, NaN, NaN, NaN, NaN, NaN, NaN, NaN, NaN, NaN, NaN, NaN, NaN, NaN, NaN, NaN, NaN, NaN, NaN, NaN, NaN, NaN, NaN, NaN, NaN, NaN, NaN, NaN, NaN, NaN, NaN, NaN, NaN, NaN, NaN, NaN, NaN, NaN, NaN, NaN, NaN, NaN, NaN, NaN, NaN, NaN, NaN, NaN, NaN, NaN, NaN, NaN, NaN, NaN, NaN, NaN, NaN, NaN, NaN, NaN, NaN, NaN, NaN, NaN, NaN, NaN, NaN, NaN, NaN, NaN, NaN, NaN, NaN, NaN, NaN, NaN, NaN, NaN, NaN, NaN, NaN, NaN, NaN, NaN, NaN, NaN, NaN, NaN, NaN, NaN, NaN, NaN, NaN, NaN, NaN, NaN, NaN, NaN, NaN, NaN, NaN, NaN, NaN, NaN, NaN, NaN, NaN, NaN, NaN, NaN, NaN, NaN, NaN, NaN, NaN, NaN, NaN, NaN, NaN, NaN, NaN, NaN, NaN, NaN, NaN, NaN, NaN, NaN, NaN, NaN, NaN, NaN, NaN, NaN, NaN, NaN, NaN, NaN, NaN, NaN, NaN, NaN, NaN, NaN, NaN, NaN, NaN, NaN, NaN, NaN, NaN, NaN, NaN, NaN, NaN, NaN, NaN, NaN, NaN, NaN, NaN, NaN, NaN, NaN, NaN, NaN, NaN, NaN, NaN, NaN, NaN, NaN, NaN, NaN, NaN, NaN, NaN, NaN, NaN, NaN, NaN, NaN, NaN, NaN, NaN, NaN, NaN, NaN, NaN, NaN, NaN, NaN, NaN, NaN, NaN, NaN, NaN, NaN, NaN, NaN, NaN, NaN, NaN, NaN, NaN, NaN, NaN, NaN, NaN, NaN, NaN, NaN, NaN, NaN, NaN, NaN, NaN, NaN, NaN, NaN, NaN, NaN, NaN, NaN, NaN, NaN],