{"epoch": 9, "train_loss": [5.575419924697098, 4.793439918634843, 4.407471306469976, 4.090557336807251, 3.7985534412520274, 3.519881297130974, 3.251104341477764, 2.994334403349429, 2.7410595794113313, 2.5084048229820874], "valid_loss": [5.031373296465192, 4.747990471976144, 4.637048653193882, 4.616477421351841, 4.6113296917506625, 4.637553828103202, 4.701082161494663, 4.777129650115967, 4.877395016806466, 4.957960673740932], "train_metric": [0.1738248135964148, 0.0700764758113939, 0.03397099119225327, 0.01697944413321359, 0.008595136525679607, 0.004544709277153171, 0.00243744831240907, 0.0013804000130478217, 0.0008009791924208573, 0.0004729205694003981], "valid_metric": [0.09834812695236192, 0.0677261717246284, 0.055226493789159455, 0.049790709394373245, 0.047092427223740005, 0.045842101456027934, 0.04629924056678599, 0.048234690943060606, 0.04858343941824777, 0.04896926248658775], "bleu_score": 0.016289856567504816}