{"epoch": 99, "train_loss": [0.09275829641722809, 0.06158188508249154, 0.05528108842445468, 0.05300249797305474, 0.0516278936798746, 0.05042288339393541, 0.049130639874561545, 0.048272291367460224, 0.04741855052914417, 0.0464079688874849, 0.04567589677644824, 0.0452371154366979, 0.044958431950048346, 0.044594091588701056, 0.04438426879419803, 0.044120692180990316, 0.04358026111412589, 0.043418288010814, 0.0432438809781601, 0.043037826611367874, 0.04287273069623568, 0.04280406638566587, 0.042821657507055, 0.04244678997050874, 0.04239806997179126, 0.04227304147014271, 0.042177750427082654, 0.04199155002445927, 0.042017014404646086, 0.042015961076130266, 0.04185980457077152, 0.04177624915702328, 0.041717356842505056, 0.041945351271619025, 0.04139418078328802, 0.04151526463193878, 0.04133014975824213, 0.04120048925935449, 0.04119121879929682, 0.041364543470057524, 0.041403935851813733, 0.04116822693695553, 0.04110025467018272, 0.04083935854022501, 0.04088918715769087, 0.04083896500544263, 0.04077881855637866, 0.040775225317959136, 0.040777828399446235, 0.040752609370421265, 0.04083381580747127, 0.04053100007009137, 0.040823551096150955, 0.04065418663845325, 0.040483971453816645, 0.04051686512166768, 0.04066018398813581, 0.04055554798592193, 0.0404872124604022, 0.040334792818433954, 0.040613583224672574, 0.04052126579126209, 0.04055665989113859, 0.0401649864589103, 0.04044365048172323, 0.040507575985505875, 0.04027689738542657, 0.04103611712813678, 0.04051050934564827, 0.04076410805060386, 0.04083254925842244, 0.04042284855865994, 0.0402272196865026, 0.04017987296183832, 0.04086065469765955, 0.04049449738233165, 0.0401063411958215, 0.04032689036924918, 0.04019049377118906, 0.04069633486946395, 0.04029235947791283, 0.04076679136002871, 0.0405117510817945, 0.04028516440848238, 0.040598452296537434, 0.040945711316170454, 0.040253515963198386, 0.04019993638904277, 0.04045201541174214, 0.040211500602664284, 0.04053128700333001, 0.040330087767393254, 0.040811283152915476, 0.04063066203812787, 0.04033014817721605, 0.04020079715520959, 0.03997419209968331, 0.04076439896142191, 0.041541844206494455, 0.04056035859043299], "valid_loss": [0.06865363309665912, 0.057426134716568655, 0.05423527363838488, 0.05275275734807715, 0.05114816693384523, 0.05065176379732314, 0.049257583700852585, 0.04879471364651801, 0.04826821143485907, 0.04739755919644598, 0.04619503698467864, 0.046256523041022304, 0.04609498826280839, 0.04558850587964747, 0.0456286144760475, 0.04549499213523259, 0.0459171864661695, 0.04498120972272978, 0.04504971379532635, 0.04492378394210959, 0.04524943013971596, 0.04519973385196201, 0.04517405443539509, 0.044659512311306306, 0.044455498220086785, 0.04450124321300859, 0.04557958921428361, 0.04515433247938666, 0.04466239299431357, 0.04465450588721416, 0.04520453381314443, 0.04470732177182429, 0.044652470371368304, 0.04449398830705295, 0.04567556977918038, 0.04477417978291222, 0.04433236934373833, 0.04494062646405201, 0.04478818824180978, 0.044213687236598465, 0.0441982641579271, 0.044295769464762914, 0.044219503071525196, 0.04418701273685246, 0.045036061801490064, 0.044176482966955685, 0.04376099486916051, 0.044436563624639734, 0.04390689118017006, 0.04428274584987949, 0.04420342575220359, 0.044329538973683566, 0.044752700878791726, 0.04411959244379763, 0.04401780128737406, 0.044483431641852235, 0.045407320615011834, 0.04403229192373036, 0.04460994208048534, 0.044021880318749845, 0.0441504861901089, 0.043808033140753044, 0.0440362216312589, 0.04402805489051893, 0.04578275462838611, 0.04411111676236453, 0.04534272563164634, 0.04434090552345521, 0.04423478524593604, 0.044373420137115295, 0.04582059107763919, 0.046817072661798124, 0.04439378210015035, 0.04430705416581534, 0.044011415439964716, 0.04477395920481296, 0.04460876291843852, 0.04418459939474315, 0.04421890979212833, 0.04471212445699066, 0.044265073697174216, 0.04423009227379898, 0.04399782218943442, 0.04503358663678858, 0.04401132853088007, 0.04430769138425761, 0.044226160574424474, 0.043878059338972056, 0.04431787133216858, 0.04418916760195542, 0.04417058107351637, 0.044556373493433686, 0.04417258433222426, 0.04436018301787748, 0.04378235034343135, 0.04526995528338617, 0.04583949256537622, 0.04433572977092225, 0.04417154653740756, 0.04495197304153029], "train_metric": [5.2707361744506604, 3.488583551055133, 3.0717569390771167, 2.922156179934874, 2.8377965171318675, 2.7791426124054994, 2.7164880812788006, 2.6691232163395537, 2.6158645498783573, 2.5621397215851505, 2.5286475514766664, 2.5006793652919024, 2.4913849815470988, 2.467464664949029, 2.4554390461568616, 2.449748142792098, 2.41704974462201, 2.4121277804745254, 2.3972204346403476, 2.383980488258886, 2.381284367809272, 2.372111839594591, 2.374049227675056, 2.355083883319436, 2.353474208745436, 2.3498417028545457, 2.3406969600004794, 2.3377518708991394, 2.3330201312302328, 2.3350555641254878, 2.3229591416350908, 2.320430319044349, 2.3172068949310827, 2.3288304041520678, 2.3030247245068916, 2.3054957630897754, 2.297936112422204, 2.2922848730634917, 2.283250955052854, 2.30053056504143, 2.305414779158037, 2.2838140713678268, 2.287186972476088, 2.274121303534815, 2.276397490165603, 2.274540894161683, 2.2671880782509026, 2.269017866282, 2.268139790807285, 2.2685279591324417, 2.2738457525814297, 2.2538837210161806, 2.27534279156338, 2.2676294771628154, 2.25144459924204, 2.257388436208019, 2.266736689203719, 2.2578733934718946, 2.2576382185253205, 2.2523009119824065, 2.2627767049564094, 2.2591000072985925, 2.2579783145980654, 2.239212356983239, 2.2578191270623105, 2.2630982210303903, 2.2531457170986, 2.2851880717596247, 2.265583197215244, 2.2762156690095727, 2.277655124883926, 2.2553798671611074, 2.2478202268834324, 2.248761086183927, 2.288123837240831, 2.2628008070009797, 2.2446222288650155, 2.2568372410307753, 2.2464720031533174, 2.2848281332397304, 2.256465736668581, 2.272640553438382, 2.2568335663042913, 2.251160965686389, 2.272294947857117, 2.286221680866786, 2.251405693221262, 2.24479818825381, 2.262400347709824, 2.247276252923102, 2.2639344207524728, 2.252406372038384, 2.2748731902633854, 2.2718919910429887, 2.2553867517366863, 2.252593125597306, 2.2369555791135927, 2.2784304247136347, 2.3199858402980422, 2.2708429349139365],