{"epoch": 299, "train_loss": [0.09914386226289275, 0.07829974005253794, 0.07531413908154161, 0.0737541855101606, 0.07250669936806138, 0.07084311229860436, 0.06992967820555127, 0.0693283627742253, 0.06896832202181143, 0.06863365371224642, 0.06835651613900624, 0.06808024140820393, 0.06791765688077062, 0.06770732344007982, 0.06766879135218232, 0.06743174151370528, 0.06731551479805635, 0.06718113318005531, 0.0670758958485808, 0.06703784943022796, 0.06697897029423787, 0.06687369058151503, 0.06684920464361856, 0.06673616041930822, 0.06676372294550982, 0.06652569591166085, 0.06648146714517335, 0.06646466781379172, 0.06649609512286418, 0.06649989011057567, 0.06637277774879469, 0.06625847343532697, 0.06654878265334893, 0.06622252540755166, 0.0662214455596685, 0.06636443151333497, 0.06614098707068289, 0.06618879022042727, 0.06613437196596816, 0.06615802348801451, 0.06602762281200138, 0.06597764313286547, 0.06595979751581921, 0.06600188351062647, 0.0659414022769949, 0.06587850250063326, 0.06594978096971417, 0.06587756909745729, 0.0658687318649721, 0.06576948829548922, 0.06580786353567278, 0.06581221637649964, 0.06574779326785866, 0.0658046853943513, 0.06580589279942846, 0.06572683093853227, 0.06566798264364744, 0.06569351880681232, 0.06575935199429346, 0.06564185321221742, 0.06564046832340656, 0.06559155991354366, 0.06578591682691967, 0.06578091504064423, 0.0675566669819437, 0.06574844832336615, 0.06556227732743616, 0.06557322231715125, 0.06560504782855064, 0.06554801563454266, 0.06580959308001236, 0.06575650356909092, 0.06554623452747409, 0.06560347254437818, 0.06547127104384978, 0.06544974657574563, 0.06549951266570228, 0.06545464116339286, 0.0657980720739632, 0.065466841548011, 0.06554266039435078, 0.06555358002525712, 0.0654099390895447, 0.06541089496649365, 0.0653847288722816, 0.0656222330037179, 0.06542458058112681, 0.0653196604111301, 0.06814456982853806, 0.06634625536844989, 0.06549096867293994, 0.06554616265778455, 0.06542776067798285, 0.0653290226648779, 0.0653187728637521, 0.06539284406810261, 0.06532231809673382, 0.06530734693274542, 0.06528523402662542, 0.06540606619311785, 0.065348582281555, 0.06527834598793414, 0.0654305704077645, 0.06533775958590783, 0.06535218309883072, 0.06546243734116212, 0.0655588181015478, 0.06571542950908045, 0.06546900848490143, 0.06516476309793907, 0.06539400934570772, 0.0652098664497857, 0.06538074623946358, 0.06520299689730112, 0.06531309037052843, 0.06523170447064444, 0.06508364851952007, 0.06522798075400187, 0.06514776452848836, 0.06541145784777955, 0.06517451188151847, 0.0664954509269179, 0.06587852856005885, 0.06547573916954043, 0.06523808724498267, 0.06504676547909284, 0.06508779107208086, 0.06504093998656979, 0.06530455358853415, 0.06513504547976452, 0.06507003828798175, 0.06516616383501883, 0.06507518905429886, 0.06547178075778767, 0.06516673100196708, 0.06504896986012916, 0.06524729143677588, 0.06524626214137347, 0.06543752746753677, 0.06510106617198697, 0.06506348904975079, 0.06551912892184851, 0.06526163772035104, 0.065092856837303, 0.0650686619437823, 0.06519580285539645, 0.06505386079473341, 0.06502348704037719, 0.0651718281194898, 0.06508145042278621, 0.06503837597234638, 0.06494858057263661, 0.06510620039973937, 0.06502669984766196, 0.06562446984444227, 0.06504199741653506, 0.06504616655489476, 0.0650468279092756, 0.06497577960011604, 0.06509760493106626, 0.06548565718426698, 0.06530312922900977, 0.06505654926558731, 0.06514914576789896, 0.06506118389706199, 0.06670445515051718, 0.06958413438694223, 0.06532135645639166, NaN, NaN, NaN, NaN, NaN, NaN, NaN, NaN, NaN, NaN, NaN, NaN, NaN, NaN, NaN, NaN, NaN, NaN, NaN, NaN, NaN, NaN, NaN, NaN, NaN, NaN, NaN, NaN, NaN, NaN, NaN, NaN, NaN, NaN, NaN, NaN, NaN, NaN, NaN, NaN, NaN, NaN, NaN, NaN, NaN, NaN, NaN, NaN, NaN, NaN, NaN, NaN, NaN, NaN, NaN, NaN, NaN, NaN, NaN, NaN, NaN, NaN, NaN, NaN, NaN, NaN, NaN, NaN, NaN, NaN, NaN, NaN, NaN, NaN, NaN, NaN, NaN, NaN, NaN, NaN, NaN, NaN, NaN, NaN, NaN, NaN, NaN, NaN, NaN, NaN, NaN, NaN, NaN, NaN, NaN, NaN, NaN, NaN, NaN, NaN, NaN, NaN, NaN, NaN, NaN, NaN, NaN, NaN, NaN, NaN, NaN, NaN, NaN, NaN, NaN, NaN, NaN, NaN, NaN, NaN, NaN, NaN, NaN, NaN, NaN, NaN, NaN, NaN, NaN, NaN, NaN, NaN],