{"epoch": 19, "train_loss": [6.560247246099978, 5.543082548647511, 5.175728021835794, 4.988169837971123, 4.853490121510564, 4.719311487917998, 4.595116853713989, 4.492738006066303, 4.403982381431424, 4.319925213346676, 4.241695343231668, 4.166997792769451, 4.101696311211099, 4.0364957962717325, 3.9700547529726613, 3.906399651449554, 3.8460820511895784, 3.7847902276078047, 3.726966630439369, 3.6678397898771324], "valid_loss": [5.818447232246399, 5.3262845277786255, 5.119967043399811, 4.984556317329407, 4.8637096881866455, 4.742945075035095, 4.66739809513092, 4.580147922039032, 4.530145287513733, 4.460273623466492, 4.425055205821991, 4.384761869907379, 4.351077616214752, 4.311759769916534, 4.32461142539978, 4.30157196521759, 4.290403425693512, 4.2710612416267395, 4.287366569042206, 4.284857511520386], "train_metric": [0.11543577003186266, 0.05470662296217315, 0.047740368689712216, 0.04346590829031808, 0.04035951335050622, 0.03772064001589405, 0.03547397827148437, 0.03340741229032399, 0.03161934291294643, 0.02997040135597696, 0.02843252073949697, 0.027000052172830226, 0.025711901805644134, 0.024478522693867587, 0.023356548891651386, 0.022272623901367188, 0.021264373492805324, 0.02028903023856027, 0.019418362799668486, 0.018550997115154656], "valid_metric": [0.058801223709564664, 0.04918938719548351, 0.04469643650426289, 0.04155452234387568, 0.03937831841316597, 0.03746426865260156, 0.035837416627359606, 0.03430826575065548, 0.03342787491161953, 0.032019638147124385, 0.030729397845181704, 0.030155665026601688, 0.029796002561824967, 0.02891595320344404, 0.028687255577395397, 0.027927684521677733, 0.027559897939228615, 0.027310417577281747, 0.027526391377321578, 0.027087682560979567], "bleu_score": 0.02870568719931027}