{"epoch": 99, "train_loss": [6.667741568721071, 5.798924385284891, 5.545349254900096, 5.33883395973517, 5.145218345583702, 4.968324724508792, 4.8236850743391075, 4.695374848891277, 4.584023242094079, 4.4800106943870075, 4.385271503000843, 4.296780900079376, 4.21294908377589, 4.132537446459946, 4.062990916018584, 3.983673881511299, 3.9192323003496443, 3.8497603182889977, 3.781467261363049, 3.7173508515163345, 3.651162406619714, 3.5881457985663903, 3.5277533081113077, 3.4698417125915992, 3.4095672429824364, 3.3531943474497115, 3.2989311887293447, 3.2441595938740946, 3.1958056663980288, 3.1453090748008417, 3.098401216828093, 3.053973138332367, 3.0082596309331, 2.9682063302215265, 2.927971102753464, 2.8884132321999996, 2.8499093700428397, 2.8196890889381874, 2.7839643578140105, 2.7498167692398536, 2.7209065532197756, 2.6929610627038136, 2.666190969700716, 2.643130443534073, 2.6143920847347806, 2.593397421496255, 2.567636947242581, 2.5490409111490053, 2.532154824052538, 2.5096055354390825, 2.4942540939973323, 2.475202531230693, 2.461585600765384, 2.448229582942262, 2.433842957019806, 2.421249670641763, 2.4112768331352545, 2.39509601617346, 2.382781121195579, 2.37544882419158, 2.3641612517590427, 2.359558536081898, 2.3492899561414915, 2.3449938285107517, 2.3416781583610846, 2.331252562756441, 2.3292700137410844, 2.3257606394436894, 2.3208343386650085, 2.316786224744758, 2.314390534040879, 2.3100138306617737, 2.311149865997081, 2.305919879553269, 2.3015198707580566, 2.3042411037853787, 2.3002259354202117, 2.3009471285099887, 2.303253268708988, 2.3024111888846575, 2.3021010063132463, 2.3042274908143647, 2.302031340647717, 2.3059403032672647, 2.3068661397817185, 2.3065426288818824, 2.308289029160324, 2.320076154202831, 2.314126813898281, 2.315336654380876, 2.3200727251111246, 2.324362034700355, 2.3270902037620544, 2.3315300746839873, 2.333641634911907, 2.340193064845338, 2.3415409934764004, 2.351044089210277, 2.3498035012459266, 2.3528709557591654], "valid_loss": [5.923810209546771, 5.626105036054339, 5.4221891675676614, 5.242399896894183, 5.103139468601772, 4.928439889635358, 4.822491032736642, 4.733498573303223, 4.644442353929792, 4.589190755571638, 4.545257159641811, 4.502298900059292, 4.467271600450788, 4.415208067212786, 4.3798089027404785, 4.352709225245884, 4.356912817273821, 4.353188378470285, 4.338393075125558, 4.31697382245745, 4.327940055302212, 4.35703842980521, 4.368040493556431, 4.337173189435687, 4.368677820478167, 4.42066410609654, 4.401021071842739, 4.429695129394531, 4.462531498500279, 4.49891015461513, 4.537964412144253, 4.5482989719935825, 4.584500994001116, 4.615118571690151, 4.630410875592913, 4.664497443607876, 4.688499518803188, 4.72029835837228, 4.72909688949585, 4.7618809427533835, 4.814008031572614, 4.818957669394357, 4.860145092010498, 4.838405404772077, 4.878448418208531, 4.873819010598319, 4.922539302280971, 4.95497076851981, 4.97025557926723, 5.0182158606393, 4.9969169071742465, 5.032885347093854, 5.086491584777832, 5.076426914760044, 5.082160472869873, 5.12712744304112, 5.1289511408124655, 5.120554855891636, 5.154325144631522, 5.132932322365897, 5.132603372846331, 5.142771175929478, 5.1362747464861185, 5.1455623762948175, 5.18939208984375, 5.153214250292097, 5.168695313589914, 5.147126197814941, 5.166306223188128, 5.199248109545026, 5.190388270786831, 5.180984837668283, 5.1889486994062155, 5.173323835645403, 5.18719128199986, 5.181467805589948, 5.1996603693280905, 5.1698431968688965, 5.147014004843576, 5.149252755301339, 5.187263625008719, 5.1381698335920065, 5.181695869990757, 5.170473848070417, 5.157701832907541, 5.141231945582798, 5.1605890819004605, 5.104785646711077, 5.127824442727225, 5.171634333474295, 5.1538077763148715, 5.142660617828369, 5.118122850145612, 5.125069073268345, 5.102725914546421, 5.06087589263916, 5.154304640633719, 5.080333232879639, 5.072288376944406, 5.115718705313546], "train_metric": [0.10824485002409902, 0.054967093312788984, 0.04923540343614412, 0.045243230918797325, 0.041558637016452085, 0.03821768113739636, 0.03517300916399275, 0.032442121002820075, 0.029998238306276008, 0.027761485287413304, 0.025762855467504384, 0.02392891121689154, 0.022277652104982188, 0.020749982816384495, 0.019432472059482845, 0.018159063015373386, 0.017049086664939414, 0.015999336914257235, 0.015040015884672986, 0.014165335025730674, 0.01335055455028515, 0.012592901598871971, 0.01196191740094903, 0.011345933689104649, 0.010769483788937939, 0.010277814901674938, 0.009822899018891003, 0.009414046521868025, 0.009019628990329041, 0.008665570624215262, 0.008343542858045928, 0.008051228457825401, 0.007769967613063982, 0.007514418962626869, 0.00728457343432368, 0.007050501057371802, 0.006869577434306242, 0.006677242153356325, 0.006488426948020512, 0.0063077202069029515, 0.006174480246719049, 0.006031466797030702, 0.005904621483939034, 0.005775660749162946, 0.005636829450957629, 0.005563728918022739, 0.005440303840996097, 0.005339361211056486, 0.005276377821163255, 0.0051766942917903895, 0.005104304566675303, 0.005022719216902651, 0.0049631926478171835, 0.004894347050725197, 0.004836545573850612, 0.004788776313145893, 0.004748682477127616, 0.004688564701087177, 0.004638446957674861, 0.004598547331362355, 0.004569684769309842, 0.004521568535785286, 0.00449242053284937, 0.0044671888597728445, 0.004438562901287773, 0.004432444654970753, 0.004403573885158617, 0.004398348208440392, 0.004369674298811932, 0.004346858413073481, 0.00435572584580402, 0.004321073205130441, 0.004329010220154853, 0.004317109926963339, 0.004306727095721423, 0.004306804578352948, 0.004309124320672483, 0.004302581876637984, 0.004308551922233737, 0.0043163609275039365, 0.004322665048134726, 0.004320660332826367, 0.004327658699046161, 0.004337808368449309, 0.0043480288571727515, 0.004355457194245796, 0.0043656751041023095, 0.0043905979218774914, 0.004391142323168342, 0.0044030616797152, 0.004426276431180993, 0.004451608377241824, 0.004450838439977387, 0.004474701199612124, 0.004488139071561852, 0.004515712514604841, 0.00453662014863929, 0.004554954304667556, 0.004566711883846174, 0.004574684940119357],