{"epoch": 59, "train_loss": [5.517354013968487, 4.458010551880817, 3.8942927572191977, 3.423100551780389, 2.9803498545471503, 2.5527501763129723, 2.147652017218726, 1.7744693172221282, 1.444182456147914, 1.1582867381524067, 0.9114306851917383, 0.7128318837102579, 0.5466497172506488, 0.41352421440640275, 0.30805122958762304, 0.23085951386969916, 0.1693121811413035, 0.12475963921419211, 0.09044603505456934, 0.066355693838274, 0.04884405591886262, 0.037660229761077434, 0.030895002148285205, 0.025317764764993776, 0.0221289867649273, 0.022008338581998736, 0.0237444743124426, 0.6310365887415804, 1.1690382185030956, 0.6822214944630253, 0.3845334790494977, 0.2002209489594917, 0.1023683139332095, 0.05357088222719577, 0.031173737966740618, 0.02196926411659438, 0.016989745641583388, 0.014068460795192085, 0.011851290288400285, 0.010373820755060534, 0.009213728675789828, 0.008273913230442879, 0.007795088891206043, 0.007679147700475035, 0.008420806354367915, 0.010203594327619185, 0.1021716714247453, 1.2643252036401205, 0.8174242848644451, 0.49634209351272, 0.3056041640894754, 0.1700530376817499, 0.08952816921685423, 0.04571667435217877, 0.025205306727819298, 0.01627756969775168, 0.012437002239178638, 0.010304098830045181, 0.008716553561294414, 0.0076410618815000875], "valid_loss": [4.803603989737375, 4.335786206381662, 4.1365654809134345, 4.0779290199279785, 4.107659782682147, 4.193545273372105, 4.333533491407122, 4.481942926134382, 4.6595370428902765, 4.873454707009452, 5.0732325826372415, 5.272621154785156, 5.4492155483790805, 5.663141999925886, 5.8238871438162665, 5.9907306262425015, 6.12547983442034, 6.272305761064802, 6.407712595803397, 6.54102577481951, 6.6548389707292825, 6.761589322771345, 6.856220381600516, 6.959591729300363, 7.0442425182887485, 7.115902968815395, 7.189282076699393, 6.658128670283726, 6.3613395009722025, 6.4372726167951315, 6.606422628675189, 6.767242363521031, 6.92618329184396, 7.067257744925363, 7.184956754956927, 7.294888087681362, 7.37801810673305, 7.442281586783273, 7.506937503814697, 7.556832790374756, 7.62418270111084, 7.6690985815865655, 7.708876882280622, 7.762808050428118, 7.828564507620675, 7.873563289642334, 7.73672798701695, 7.093109335218157, 7.060330595288958, 7.1669657570975165, 7.256069728306362, 7.394707066672189, 7.51073557989938, 7.643956116267613, 7.763330527714321, 7.849392822810581, 7.8996783665248325, 7.968972682952881, 8.006397111075264, 8.050667490277972], "train_metric": [0.1706744294458506, 0.06120927419857103, 0.02372325908427336, 0.00962622338742626, 0.004050038230662443, 0.0017549035174801693, 0.0007967867694582258, 0.0003849664393866414, 0.00018577803375769634, 9.173777737206007e-05, 4.485278898224244e-05, 2.6010963676535353e-05, 1.4721276406286368e-05, 7.000039855961047e-06, 4.951074803748571e-06, 3.0262111038995944e-06, 6.143941731912009e-06, 1.7974766114327524e-06, 1.1924728764249582e-06, 6.797445196397781e-07, 4.874181411227886e-07, 3.980659051943461e-07, 1.7545781502047583e-07, 1.543641834233517e-07, 1.0296992807504192e-07, 4.9125157796768284e-08, 5.3394364349143724e-08, 4.327405950391115e-06, 9.997760800226611e-06, 1.882509564245867e-06, 7.859273426405781e-07, 2.9912989384646775e-07, 3.4396371724732637e-07, 1.0015002809651806e-07, 4.662874219715042e-08, 2.544405457860082e-08, 1.6424947900991447e-08, 9.761519789449545e-09, 6.26368939201395e-09, 3.924734649001021e-09, 1.777458475217196e-09, 6.970560096404813e-10, 2.701336047570461e-10, 2.7441503187228776e-10, 2.3216215788401407e-10, 6.212313086506333e-09, 7.294112577217691e-08, 4.195394469710181e-06, 2.831727518164632e-06, 4.451861984075937e-07, 1.343955610308164e-07, 1.1825497957702005e-07, 8.103420390175508e-08, 3.720447361789708e-08, 1.3701980861135465e-08, 3.6814803918458174e-09, 2.152745986171683e-09, 9.64511316669858e-10, 5.518121026019806e-10, 1.4434186071607633e-10], "valid_metric": [0.09838267735072545, 0.051629245138755726, 0.036809588469308756, 0.030564123358132977, 0.027479356736640627, 0.025853073581612096, 0.024936078641975293, 0.02570273565400017, 0.02596083474654576, 0.027114884470683463, 0.028701698764717565, 0.029981363299664908, 0.03121458657810543, 0.032969978895010285, 0.03413763254919261, 0.03582720678504457, 0.036328730764667826, 0.03705130168720518, 0.03931072113772135, 0.040594748307466726, 0.04254141693760485, 0.04281032609246982, 0.044290586437541656, 0.044788198581533545, 0.04589670689409764, 0.0476540672272789, 0.048870359849658034, 0.03945403985403811, 0.035262342278714956, 0.03754186165597996, 0.03899000812747238, 0.0399094886870962, 0.03995108950727673, 0.04135513165392054, 0.04243740945161321, 0.04318352573210318, 0.043704682883367665, 0.044212808414381376, 0.044945745438331845, 0.04529248030883991, 0.04624816086564482, 0.04685700836153586, 0.0473529305785078, 0.04743891451415342, 0.0490946390103233, 0.04942175578843103, 0.04986821774459758, 0.04378656421345064, 0.0438526067297168, 0.04470476794711893, 0.04472401537073735, 0.04501925498427966, 0.04504883694810932, 0.04552214275850358, 0.04610354112645111, 0.04683321191668839, 0.04687806424202124, 0.04734871294989834, 0.04762150378191289, 0.0479989192967556], "bleu_score": 0.08596076758726248}