{"epoch": 19, "train_loss": [5.9039342257441305, 4.996181840799292, 4.76692562930438, 4.607378392803426, 4.475012803564266, 4.360683343848404, 4.253763337524569, 4.1621623002752965, 4.079169724668775, 3.9977579566897177, 3.9220380770916843, 3.855438076719946, 3.7844122563089644, 3.7202184115137373, 3.654040106705257, 3.590842681271689, 3.5260028863439756, 3.4657208943853575, 3.4013058713504245, 3.3391238901079916], "valid_loss": [5.19508159160614, 4.926405429840088, 4.762121498584747, 4.6458189487457275, 4.5455180406570435, 4.468637526035309, 4.4038257002830505, 4.376897871494293, 4.318365395069122, 4.276558876037598, 4.250456094741821, 4.231172621250153, 4.1964991092681885, 4.1942726373672485, 4.180189907550812, 4.199682533740997, 4.2047072649002075, 4.186125993728638, 4.180212318897247, 4.210798501968384], "train_metric": [0.08514089716697226, 0.0450071405527543, 0.038064681514817844, 0.03361188041774001, 0.030085828658123405, 0.027222833787567763, 0.024737978397291534, 0.022589678674814654, 0.02072444380156848, 0.019037188593027544, 0.017539875539662887, 0.01624818924884407, 0.015047695932193678, 0.013961558054709921, 0.012977627331480689, 0.012080789397881956, 0.011246058840070452, 0.010491590560601682, 0.009816818343182, 0.00915278065117038], "valid_metric": [0.04947218034228349, 0.04089254274998754, 0.03657839356207268, 0.03360675463069588, 0.031217901825498346, 0.029538239636524532, 0.027787547289322027, 0.026617558531445935, 0.025479490032370183, 0.02469275317927973, 0.024225733359121485, 0.023258328230621503, 0.022696885274799596, 0.02233850380307232, 0.022092155764538546, 0.022084832771057054, 0.021317787325666783, 0.02139828175998025, 0.020836057905290088, 0.020635665366521384], "bleu_score": 0.033641895576014214}