{"epoch": 99, "train_loss": [5.537414884080692, 4.780544137468143, 4.551897902877963, 4.389027138145602, 4.255955941823064, 4.1368869457926065, 4.025706905491498, 3.924185883025734, 3.8225653913556314, 3.7227320610260475, 3.6235427382040997, 3.520490584324817, 3.422310465452622, 3.3228896406232096, 3.2275663225018247, 3.130405612137853, 3.0349896087938424, 2.940108676345981, 2.8482193253478227, 2.759729364696814, 2.6742371576172963, 2.590821316047591, 2.512199662169632, 2.435528179820703, 2.3632087464235267, 2.2940053222130756, 2.2292333768338572, 2.1669795355018304, 2.107382219056694, 2.0553715964969324, 2.0033367738431815, 1.953445810444501, 1.9071730180662505, 1.8632036179912335, 1.825101070866293, 1.785109389193204, 1.748285741222148, 1.7148811148137462, 1.6846491785681978, 1.6526884655563199, 1.6240938129473705, 1.5963932798833262, 1.5709034204483032, 1.547523979629789, 1.525023274883932, 1.5059201474092445, 1.4815998782916946, 1.4625480704161586, 1.4464508136924432, 1.427565370287214, 1.411959530139456, 1.3949688168204561, 1.3822072312539937, 1.3697842170997543, 1.3584515014473273, 1.3488130599868542, 1.3354051228688688, 1.329344633890658, 1.3190411973972709, 1.3072429043906075, 1.3021342103578606, 1.2955026146100492, 1.2888408868896717, 1.284387542885177, 1.279501167487125, 1.2754784548769191, 1.2714798693754235, 1.2665064231473573, 1.2619332202843256, 1.2610322157947385, 1.260980753874292, 1.2590853133980109, 1.2554709315299988, 1.2568154359350399, 1.2539378994581651, 1.258323269230979, 1.257975521744514, 1.2578670224364923, 1.258206532317765, 1.2618105046603145, 1.2636266368992475, 1.264119339232542, 1.2665010617703807, 1.2682101769106728, 1.27353721005576, 1.2765221103113524, 1.2792990809800673, 1.284286958830697, 1.2889689851780326, 1.295163251307546, 1.2975268090257839, 1.304094492780919, 1.3064937512485348, 1.3139884818573386, 1.3170256219348129, 1.3255565227294455, 1.3260963492247524, 1.334646920768582, 1.3400403851149034, 1.3467933255798963], "valid_loss": [4.971448540687561, 4.771261215209961, 4.661536335945129, 4.542765021324158, 4.488026797771454, 4.460642695426941, 4.432489514350891, 4.412697076797485, 4.415502727031708, 4.403239905834198, 4.405697047710419, 4.42592716217041, 4.456600069999695, 4.455107688903809, 4.476988971233368, 4.551335036754608, 4.583964943885803, 4.632449150085449, 4.6822739243507385, 4.7376397252082825, 4.805897355079651, 4.853634476661682, 4.936557948589325, 4.982931673526764, 5.054389417171478, 5.117637813091278, 5.1696929931640625, 5.2447744607925415, 5.310390114784241, 5.3653923869133, 5.39537501335144, 5.471351325511932, 5.497575879096985, 5.543609619140625, 5.602307856082916, 5.641186475753784, 5.671450138092041, 5.7274675369262695, 5.739582657814026, 5.785978615283966, 5.804282963275909, 5.81001603603363, 5.863130271434784, 5.897823870182037, 5.906903505325317, 5.935267329216003, 5.917802572250366, 5.950442790985107, 5.932697772979736, 5.983232617378235, 5.988080143928528, 6.013412415981293, 6.021755278110504, 6.00381201505661, 6.054574012756348, 6.033611595630646, 6.06059193611145, 6.057852506637573, 6.061445415019989, 6.056597828865051, 6.060169100761414, 6.09342896938324, 6.074988782405853, 6.06127142906189, 6.09176903963089, 6.070219874382019, 6.07123738527298, 6.082993030548096, 6.088530957698822, 6.076894164085388, 6.064874827861786, 6.047670662403107, 6.044345915317535, 6.055275797843933, 6.055269837379456, 6.000693619251251, 6.057521283626556, 6.026811122894287, 6.031061828136444, 6.000637769699097, 6.0148433446884155, 5.9898059368133545, 5.988673746585846, 5.986123025417328, 5.989867269992828, 5.985011518001556, 5.995344638824463, 5.9935911893844604, 5.93458616733551, 5.959063470363617, 5.947352766990662, 5.953363656997681, 5.922733962535858, 5.938332498073578, 5.90788334608078, 5.887339174747467, 5.9185797572135925, 5.901806592941284, 5.900293529033661, 5.884488582611084], "train_metric": [0.07198297639807877, 0.03836226774877431, 0.030832279341909446, 0.025706088431222098, 0.02184657374167929, 0.018804266251544563, 0.016264501965581154, 0.014192177681436343, 0.01245293182061643, 0.010979093452160357, 0.00974990967108279, 0.008688004496048908, 0.007785406909864776, 0.007022632658822196, 0.006371198545961964, 0.005819197252234634, 0.005333658956410934, 0.004919619103645792, 0.004540528610166707, 0.004208691384062475, 0.0039238330140405776, 0.00365324113184092, 0.00340215215410505, 0.00318707884652274, 0.002979546237089196, 0.0027940672029767716, 0.002613825760666205, 0.002464801743955028, 0.002317569809349216, 0.002169299825597268, 0.0020578002738952635, 0.0019359169728415354, 0.0018289256200985033, 0.0017259301586540377, 0.0016410878074412443, 0.0015518705488710986, 0.0014625863575448794, 0.0013903525418651347, 0.0013205287372822663, 0.0012580770768924636, 0.0011933251799369346, 0.001143034525379118, 0.0010946459875301438, 0.0010427821830827362, 0.0010112276110046834, 0.0009654671439346003, 0.0009283238235785037, 0.0008875797600648841, 0.0008589629670551845, 0.0008275181866665276, 0.0007967155066315009, 0.0007700256987007297, 0.000753622033547382, 0.0007246271904147401, 0.000703861421662934, 0.0006856648236755465, 0.0006701033306121826, 0.000656076337366688, 0.00064417577403791, 0.0006276679818970817, 0.0006140949904188818, 0.0005987122177591129, 0.000597188823563712, 0.0005818491374229898, 0.0005770159189068541, 0.0005710536879909282, 0.0005644952370195972, 0.0005520379146264524, 0.0005461960131781442, 0.0005471785882541112, 0.0005420942868991774, 0.000534730309272299, 0.0005329332956975821, 0.0005295647605584593, 0.0005311628597731811, 0.0005283271590544253, 0.000530863104255832, 0.0005271166498807012, 0.0005277645019609101, 0.0005274080985906173, 0.0005233406363214765, 0.0005274967510846196, 0.0005289176049524424, 0.0005319801817134935, 0.0005296302966682279, 0.0005335520768652157, 0.0005414624483731328, 0.0005443131909078482, 0.000550102214618605, 0.0005521981960413408, 0.0005540422665174482, 0.0005626600131210016, 0.0005641485242454373, 0.000573133231085174, 0.0005761393206946704, 0.0005823254139569341, 0.0005881790792698762, 0.000595906177442901, 0.000602281620453815, 0.0006097001275237726],