{"epoch": 69, "train_loss": [6.9954758176998215, 6.1860155256427065, 5.932629023279462, 5.733558752098862, 5.567896806463903, 5.426363421946156, 5.269905815319139, 5.145167764352292, 5.035939669122501, 4.935810816531279, 4.843198379691766, 4.757606460123646, 4.68051540851593, 4.607950672811391, 4.538173062460763, 4.4737687232543015, 4.410164358664532, 4.3487929446356635, 4.292023773096045, 4.231480530330113, 4.173477506151005, 4.117785905088697, 4.058595680460638, 4.002192277081159, 3.9501915744372775, 3.8975971742552153, 3.8440712130799586, 3.793524538984104, 3.744231017268434, 3.695555031299591, 3.646930316273047, 3.6056258435152015, 3.559896038503063, 3.5185783882530366, 3.4766301111299165, 3.4392979169378477, 3.4042167310812035, 3.3674693995592544, 3.3361144637574953, 3.3002944527840126, 3.2699925838684547, 3.2388183182599595, 3.2105003558859533, 3.183966583135177, 3.1574150859093177, 3.1313232536218605, 3.1100271319856447, 3.0865295213095996, 3.0664003126475277, 3.0443924568137346, 3.0279717895449423, 3.0098708077352874, 2.9941891042553648, 2.976611560704757, 2.9605525537412993, 2.949034975499523, 2.9314448942943496, 2.9188141360574837, 2.906088756055248, 2.896844280009367, 2.8880770984961064, 2.8753790247197055, 2.866960429415411, 2.8598533126772665, 2.8543716997516397, 2.8454757916684055, 2.8416709109228484, 2.836179814776596, 2.829193522735518, 2.8256716789031517], "valid_loss": [6.350305914878845, 6.038874983787537, 5.831468284130096, 5.673481047153473, 5.5664867758750916, 5.455734968185425, 5.339899897575378, 5.256933331489563, 5.186777114868164, 5.129586458206177, 5.069310307502747, 5.020352721214294, 4.957520425319672, 4.929865837097168, 4.9218710064888, 4.9029276967048645, 4.880872905254364, 4.890222489833832, 4.860222637653351, 4.845961272716522, 4.837647795677185, 4.860663890838623, 4.870597183704376, 4.874296128749847, 4.893934369087219, 4.879827439785004, 4.895567238330841, 4.93587327003479, 4.946730434894562, 4.956193029880524, 4.988589882850647, 5.085296332836151, 5.057274520397186, 5.051500141620636, 5.124419450759888, 5.16320925951004, 5.1716965436935425, 5.175567328929901, 5.243768870830536, 5.245019912719727, 5.262712597846985, 5.276626884937286, 5.315314888954163, 5.341608107089996, 5.396597445011139, 5.378185212612152, 5.447512686252594, 5.462038278579712, 5.488454699516296, 5.467824101448059, 5.52534407377243, 5.533988833427429, 5.552127361297607, 5.544329881668091, 5.573183536529541, 5.53825181722641, 5.61421811580658, 5.620711624622345, 5.62362539768219, 5.610056757926941, 5.660000205039978, 5.671266496181488, 5.663445889949799, 5.701249897480011, 5.706286430358887, 5.716855108737946, 5.657793402671814, 5.7340304255485535, 5.67781400680542, 5.686327755451202], "train_metric": [0.12106276706234757, 0.06318553469029674, 0.05608011548723493, 0.05062117237947425, 0.045888417805542266, 0.041697491585867746, 0.03791129174680126, 0.03451882776377153, 0.03157066568802814, 0.02897781366776447, 0.026694599182751712, 0.02463704792256258, 0.022840059910988322, 0.02121139181083879, 0.01974875287345266, 0.01844982058778101, 0.017281333527570487, 0.01620887207342654, 0.01527727578064372, 0.014396916706318758, 0.013568969139566227, 0.012861283229905731, 0.01219830443246024, 0.011568360356391975, 0.011022048143659318, 0.010550266524334342, 0.010089963106427874, 0.009671811364621532, 0.00929169767885792, 0.008929151767030054, 0.008607675320858802, 0.008321924350939336, 0.00806546413032376, 0.007807758353259971, 0.0075549162371529805, 0.007348028788663903, 0.007153518776407047, 0.0069714578901018415, 0.0068064279112523916, 0.006637578001995476, 0.006481905864014917, 0.006347126151882872, 0.006238185524453922, 0.006094683771107945, 0.0059943991976368185, 0.005888045427750568, 0.005800268836507992, 0.0057116283089774, 0.005627019533429827, 0.005559061445897939, 0.0054773500855114995, 0.005423701720421712, 0.005367466382396465, 0.00531218532328703, 0.005254682378185039, 0.005206979928308604, 0.005145030777600347, 0.005118389842753508, 0.005087470541973504, 0.005037174484875738, 0.005014490972246442, 0.0049911557544007595, 0.00497770982859086, 0.004958680353748555, 0.00494435495372038, 0.004917785727831782, 0.004917351309328663, 0.004915046655304578, 0.004892753423574019, 0.00488986840462198], "valid_metric": [0.06410245998569274, 0.054616749404507545, 0.049305680417280374, 0.04497623877948975, 0.04167478800863435, 0.038677080907891785, 0.036070920263626315, 0.03356999809185641, 0.031355872998243224, 0.03008392736378959, 0.02823026027028137, 0.026663022141855883, 0.02552129213208928, 0.024531091650781697, 0.02384559336585996, 0.023393010778504034, 0.022524488978404887, 0.02253216286686128, 0.021759777226303664, 0.021180525052968822, 0.020334077451884376, 0.02047538460698051, 0.02013302893913096, 0.01975121627034355, 0.020501094129179772, 0.02010376045379771, 0.019469321320982867, 0.02146445117119971, 0.02061312618841664, 0.021285280406187712, 0.022099269773633242, 0.02390588149029445, 0.02280302230578337, 0.02171992800082191, 0.024688794605415898, 0.027542670304751243, 0.02606796068366665, 0.025921450959841868, 0.02761544291607787, 0.029659069958192077, 0.02858470586984499, 0.02893934898006106, 0.031017356690006374, 0.031416688185002366, 0.034795638517040886, 0.03408900947381808, 0.03900034363921165, 0.034805369719845394, 0.03621748176990492, 0.03893808443389348, 0.03839306092866644, 0.03706979184819058, 0.04373895560772644, 0.03992104757571305, 0.04112025322771849, 0.03683313696590638, 0.04617898932607381, 0.04447631389303242, 0.04227956088042519, 0.04373367227192988, 0.04771752281313548, 0.042823415042924404, 0.04568771435528976, 0.05204099938344607, 0.04778177839731191, 0.044471811743435806, 0.04423098862786937, 0.052080134121240414, 0.04390399255960414, 0.0438821628229267], "bleu_score": 0.04309100450153275}