{"epoch": 69, "train_loss": [6.667741568721071, 5.798924385284891, 5.545349254900096, 5.33883395973517, 5.145218345583702, 4.968324724508792, 4.8236850743391075, 4.695374848891277, 4.584023242094079, 4.4800106943870075, 4.385271503000843, 4.296780900079376, 4.21294908377589, 4.132537446459946, 4.062990916018584, 3.983673881511299, 3.9192323003496443, 3.8497603182889977, 3.781467261363049, 3.7173508515163345, 3.651162406619714, 3.5881457985663903, 3.5277533081113077, 3.4698417125915992, 3.4095672429824364, 3.3531943474497115, 3.2989311887293447, 3.2441595938740946, 3.1958056663980288, 3.1453090748008417, 3.098401216828093, 3.053973138332367, 3.0082596309331, 2.9682063302215265, 2.927971102753464, 2.8884132321999996, 2.8499093700428397, 2.8196890889381874, 2.7839643578140105, 2.7498167692398536, 2.7209065532197756, 2.6929610627038136, 2.666190969700716, 2.643130443534073, 2.6143920847347806, 2.593397421496255, 2.567636947242581, 2.5490409111490053, 2.532154824052538, 2.5096055354390825, 2.4942540939973323, 2.475202531230693, 2.461585600765384, 2.448229582942262, 2.433842957019806, 2.421249670641763, 2.4112768331352545, 2.39509601617346, 2.382781121195579, 2.37544882419158, 2.3641612517590427, 2.359558536081898, 2.3492899561414915, 2.3449938285107517, 2.3416781583610846, 2.331252562756441, 2.3292700137410844, 2.3257606394436894, 2.3208343386650085, 2.316786224744758], "valid_loss": [5.923810209546771, 5.626105036054339, 5.4221891675676614, 5.242399896894183, 5.103139468601772, 4.928439889635358, 4.822491032736642, 4.733498573303223, 4.644442353929792, 4.589190755571638, 4.545257159641811, 4.502298900059292, 4.467271600450788, 4.415208067212786, 4.3798089027404785, 4.352709225245884, 4.356912817273821, 4.353188378470285, 4.338393075125558, 4.31697382245745, 4.327940055302212, 4.35703842980521, 4.368040493556431, 4.337173189435687, 4.368677820478167, 4.42066410609654, 4.401021071842739, 4.429695129394531, 4.462531498500279, 4.49891015461513, 4.537964412144253, 4.5482989719935825, 4.584500994001116, 4.615118571690151, 4.630410875592913, 4.664497443607876, 4.688499518803188, 4.72029835837228, 4.72909688949585, 4.7618809427533835, 4.814008031572614, 4.818957669394357, 4.860145092010498, 4.838405404772077, 4.878448418208531, 4.873819010598319, 4.922539302280971, 4.95497076851981, 4.97025557926723, 5.0182158606393, 4.9969169071742465, 5.032885347093854, 5.086491584777832, 5.076426914760044, 5.082160472869873, 5.12712744304112, 5.1289511408124655, 5.120554855891636, 5.154325144631522, 5.132932322365897, 5.132603372846331, 5.142771175929478, 5.1362747464861185, 5.1455623762948175, 5.18939208984375, 5.153214250292097, 5.168695313589914, 5.147126197814941, 5.166306223188128, 5.199248109545026], "train_metric": [0.10824485002409902, 0.054967093312788984, 0.04923540343614412, 0.045243230918797325, 0.041558637016452085, 0.03821768113739636, 0.03517300916399275, 0.032442121002820075, 0.029998238306276008, 0.027761485287413304, 0.025762855467504384, 0.02392891121689154, 0.022277652104982188, 0.020749982816384495, 0.019432472059482845, 0.018159063015373386, 0.017049086664939414, 0.015999336914257235, 0.015040015884672986, 0.014165335025730674, 0.01335055455028515, 0.012592901598871971, 0.01196191740094903, 0.011345933689104649, 0.010769483788937939, 0.010277814901674938, 0.009822899018891003, 0.009414046521868025, 0.009019628990329041, 0.008665570624215262, 0.008343542858045928, 0.008051228457825401, 0.007769967613063982, 0.007514418962626869, 0.00728457343432368, 0.007050501057371802, 0.006869577434306242, 0.006677242153356325, 0.006488426948020512, 0.0063077202069029515, 0.006174480246719049, 0.006031466797030702, 0.005904621483939034, 0.005775660749162946, 0.005636829450957629, 0.005563728918022739, 0.005440303840996097, 0.005339361211056486, 0.005276377821163255, 0.0051766942917903895, 0.005104304566675303, 0.005022719216902651, 0.0049631926478171835, 0.004894347050725197, 0.004836545573850612, 0.004788776313145893, 0.004748682477127616, 0.004688564701087177, 0.004638446957674861, 0.004598547331362355, 0.004569684769309842, 0.004521568535785286, 0.00449242053284937, 0.0044671888597728445, 0.004438562901287773, 0.004432444654970753, 0.004403573885158617, 0.004398348208440392, 0.004369674298811932, 0.004346858413073481], "valid_metric": [0.05954358507153917, 0.05152517979056065, 0.04738687780723565, 0.04427285745841305, 0.04165488662340992, 0.038815266377217064, 0.036216667807919725, 0.03467671856719752, 0.03288273180992995, 0.031184823312705043, 0.029744373215627836, 0.028571248251761907, 0.027534051773455633, 0.02632340632679051, 0.025634674097514586, 0.02485924009059058, 0.02456716624093551, 0.02421433059010661, 0.023507939868386254, 0.022956582329075527, 0.022842957969535074, 0.02277357136859112, 0.022190163253444722, 0.022037003754385914, 0.022003383710117414, 0.02332308257759264, 0.02184471099511252, 0.022624227268157975, 0.02384584514199208, 0.024727471371436955, 0.026248502652420236, 0.025536528578749648, 0.02632363041132376, 0.02616634428512088, 0.028076972828167374, 0.029295236622943095, 0.029437470685955706, 0.031227365358061247, 0.0311959356612023, 0.03221382930844688, 0.03299917826693732, 0.03537051128451275, 0.03389827519967552, 0.035245259602864586, 0.036864469191194744, 0.03504106213358707, 0.0350290804493184, 0.04123523134938889, 0.03776028095349864, 0.04201144930149926, 0.040609043427832225, 0.04194988567045801, 0.047667616801920304, 0.04805362748407138, 0.04508430682948723, 0.04767179655708752, 0.04661156075209856, 0.04921481494935126, 0.04781908742599922, 0.045007154770163975, 0.04681654164054241, 0.04798640107205519, 0.04852021882410851, 0.048546077618157955, 0.04787762083098125, 0.04537153270319556, 0.046457258737532175, 0.05015441437244503, 0.04897550704571709, 0.05430452199866829], "bleu_score": 0.029609938678764814}