{"epoch": 19, "train_loss": [6.142377622273504, 5.3589377670871965, 5.081903820135156, 4.8655164412089755, 4.692364935972253, 4.546451279095241, 4.417638939254138, 4.306647415063819, 4.2057834109481504, 4.109625339508057, 4.018520785837757, 3.9355396944649366, 3.8548124931296526, 3.774320843268414, 3.6966263372070935, 3.6237664271374137, 3.549502040658678, 3.4810516931572737, 3.40373333254639, 3.333524359732258], "valid_loss": [5.513807909829276, 5.207750184195382, 4.991768836975098, 4.832733699253628, 4.730492183140346, 4.611704417637417, 4.528336661202567, 4.47511237008231, 4.402625969478062, 4.364637511117118, 4.334901128496442, 4.301531110491071, 4.291599614279611, 4.262104170663016, 4.236436230795724, 4.243598801749093, 4.260692323957171, 4.247756617409842, 4.271793842315674, 4.266568286078317], "train_metric": [0.08113433411267339, 0.04643964872399155, 0.0388947490956832, 0.03321620715082908, 0.028708795072594467, 0.025055423323956407, 0.022007051787084463, 0.019478126587998273, 0.017361188407430842, 0.015511344573570306, 0.013939614971475405, 0.012543361906713369, 0.011377955497181628, 0.010295005013001299, 0.0093592592372056, 0.008536020721124143, 0.007797549819495329, 0.00712842786516462, 0.006528621524110132, 0.006008904267467381], "valid_metric": [0.05162107815175268, 0.043497257053819204, 0.03819804639583082, 0.03400979179695131, 0.03080316807641157, 0.02811649446650493, 0.02609473332080536, 0.02442121409300299, 0.022655972752375603, 0.021661701963368224, 0.020949167503024488, 0.019743158572253595, 0.019325520409711867, 0.01859576615762965, 0.018193290347144717, 0.017912675668527413, 0.017682647985622142, 0.01772596345576409, 0.017052291530658927, 0.016851791105500082], "bleu_score": 0.008295979222819081}