{"epoch": 59, "train_loss": [5.907389694330644, 4.986835414049577, 4.558249714423199, 4.257319374960296, 4.01388276961385, 3.7974410567964827, 3.590131565016143, 3.3893004728823293, 3.1881917885371616, 2.993018933704921, 2.7934668866955503, 2.595189982531022, 2.4022571541825117, 2.2140743477003917, 2.0336916890679575, 1.8564849787828874, 1.6898531262971916, 1.5346668095004803, 1.3847347753388541, 1.2445339086104412, 1.1173483714157222, 1.0006958720635395, 0.8941001825186671, 0.7951860695469136, 0.7040810338696655, 0.6259054140168794, 0.5538577695890349, 0.4882137588396364, 0.4314195087977818, 0.3780613056555086, 0.3335837140983465, 0.29278670464243206, 0.2622364013626867, 0.23456648273431524, 0.21116816982322809, 0.18924156971731965, 0.16700779677045588, 0.1500610304730279, 0.13826443779529357, 0.1316073659655391, 0.13475036221955503, 0.15753676206329648, 0.20932545421683058, 0.2376253462719674, 0.1824026909865895, 0.1088706835420156, 0.062150248915565254, 0.04035156969057054, 0.02972851267882756, 0.024653127112863014, 0.02169523876616541, 0.01930770449986567, 0.01719472604347583, 0.015685196904161453, 0.014420809704164157, 0.013165965500496785, 0.012185092602039174, 0.011917792792831148, 0.016550460678278183, 0.9229507384422634], "valid_loss": [5.2551807676042825, 4.759988580431257, 4.510512828826904, 4.3667112077985495, 4.274644987923758, 4.223048823220389, 4.207475594111851, 4.204237120492118, 4.217681237629482, 4.28496105330331, 4.322274276188442, 4.440186500549316, 4.537473065512521, 4.691768782479422, 4.8192106655665805, 5.023945263453892, 5.143136160714286, 5.336376190185547, 5.460589613233294, 5.674248559134347, 5.844601494925363, 6.037768363952637, 6.195567744118827, 6.375947271074567, 6.534316948481968, 6.7277759824480325, 6.883179187774658, 7.062257494245257, 7.213794299534389, 7.385329859597342, 7.568685122898647, 7.688622883387974, 7.838353838239398, 7.999123913901193, 8.088508333478655, 8.222080298832484, 8.368768283299037, 8.47417402267456, 8.627151489257812, 8.68235274723598, 8.773076329912458, 8.85432311466762, 8.823102951049805, 8.86239242553711, 8.948867525373187, 9.063470431736537, 9.263025283813477, 9.357554299490792, 9.497952325003487, 9.617009571620397, 9.690564291817802, 9.793085643223353, 9.877121380397252, 9.990880966186523, 10.055226598467145, 10.173719133649554, 10.238515172685895, 10.342716353280204, 10.352296011788505, 8.867826053074428], "train_metric": [0.2008893380824042, 0.11976963803661113, 0.08645483028092282, 0.06729812656949823, 0.05440871507294324, 0.04521912239541813, 0.03805013229058713, 0.03236727944510324, 0.02779571729731046, 0.024158201708112444, 0.021050666827766264, 0.018493915504922673, 0.016319132383496724, 0.014548162512735666, 0.012991191219539643, 0.011613542422859037, 0.010257428442507373, 0.009117945151723972, 0.008088511839965958, 0.0071018954663733995, 0.006309965522581526, 0.0054809027107394475, 0.004906467494199686, 0.004243118352625204, 0.003699998308298539, 0.0031971881020394495, 0.002806511358144332, 0.002469351663005595, 0.0021789993068150114, 0.0018657680815093371, 0.00165855653490339, 0.0014654779972435466, 0.0013177497435614969, 0.0011772964486721764, 0.0010750312181394927, 0.0009632188386333232, 0.0008690561917363381, 0.0007902706361564948, 0.0007499106779350712, 0.0007039519749855508, 0.0007074595021228401, 0.0007838477050041665, 0.0009242552953836869, 0.00103525132724217, 0.0008985830786763405, 0.0006028604164134506, 0.00040261495541296844, 0.000278063622421991, 0.00021040843914966193, 0.00017489438992057346, 0.00015252469809687866, 0.0001336721714480667, 0.000119313601377059, 0.00010803693241002608, 9.794091770376048e-05, 9.039090869337853e-05, 8.50831162152569e-05, 8.390462122451804e-05, 9.755782714987854e-05, 0.006433431242436779], "valid_metric": [0.14196311780954463, 0.1064524102636198, 0.08936784775473217, 0.08308363793680479, 0.08017341037251577, 0.08321207589712142, 0.08802766724530553, 0.09289980504547417, 0.10127825139966777, 0.11328500648438218, 0.12190575519890705, 0.14020183441897136, 0.15923507670791606, 0.18294233520979125, 0.20550761264044257, 0.23974926670282767, 0.2662140891314824, 0.3039933583560641, 0.32018106512822614, 0.3690772893828139, 0.4107912922414004, 0.44899271568583093, 0.48437705919308177, 0.5245586380535111, 0.5584963058412765, 0.604347140632541, 0.6444147064046268, 0.6689762565050302, 0.7026683080062683, 0.7410368318833023, 0.7813099410345853, 0.8037795753990997, 0.8507102689972738, 0.8805337082837781, 0.8981248785805496, 0.9232281591769943, 0.9553407983627361, 0.9809551347724478, 1.0211870993382572, 1.019772955502936, 1.030670283844112, 1.0381184244971216, 1.0388512503555054, 1.0582776891109063, 1.0925657900406784, 1.1101258592277705, 1.1847333422389226, 1.203410156160226, 1.240287162162162, 1.2651204808623195, 1.2783498593958276, 1.305405804900085, 1.3209282828946611, 1.3404309510702508, 1.3556846454534095, 1.3773542019478822, 1.3906519771126356, 1.4067837069371667, 1.3838530040922619, 1.0337107750089056], "bleu_score": 0.007755775045260048}