{"epoch": 99, "train_loss": [0.15220380454570398, 0.1081702987952479, 0.10180333612122755, 0.09827511018977084, 0.09655004418615637, 0.09495228182139068, 0.09396102275142725, 0.0931574649380884, 0.09248857656172638, 0.09194172317183566, 0.09124744807680447, 0.09053199145214996, 0.09004466102897436, 0.08940260600427101, 0.08913677757413223, 0.0887277761752578, 0.08839915868365901, 0.0881152169928811, 0.08796893098744853, 0.08764190785586834, 0.08756902471356008, 0.08751505829565141, 0.08727386989898381, 0.08712955178885624, 0.08699600019588552, 0.0866899383950165, 0.08661564743553085, 0.08664548801707811, 0.08639066002663524, 0.0863972391462189, 0.08632865436803336, 0.0860887704010325, 0.08618991479448888, 0.08590302008321915, 0.08572872351298387, 0.08562476031653497, 0.08574498444795609, 0.08564327926985149, 0.08548449279590585, 0.08533638540184361, 0.08524042618428838, 0.08525035228451779, 0.08503373451102739, 0.08497062580253201, 0.08486178425279842, 0.08485131396044945, 0.08475091533157332, 0.08472023506102891, 0.08451343075126067, 0.08457200772974682, 0.08443991921242626, 0.08450577491573219, 0.08434614166617393, 0.0841255930048981, 0.08408442794762809, 0.08415945347441339, 0.08404515979105029, 0.0838438677547992, 0.08386353392624991, 0.0838324512173047, 0.08366912748964353, 0.0836631600027797, 0.08360012858335314, 0.08367393182954569, 0.08351572862044833, 0.0834653158297484, 0.08337045711433065, 0.08331842345838573, 0.08338595374390997, 0.08323089016237478, 0.08311125231457167, 0.08315038081558271, 0.08313188299365427, 0.08294824761306417, 0.0830001260699897, 0.08313684480200553, 0.08290751698030822, 0.08294682459498959, 0.08276901944358458, 0.08261877287650245, 0.08269698579592266, 0.08252777951373451, 0.0827183642949181, 0.0827272226712827, 0.0825624589904629, 0.08252696667251916, 0.08263388376725816, 0.08262242295447438, 0.08228587581851017, 0.08232755338152249, 0.08225957006644244, 0.08210694517983103, 0.08222824129565008, 0.08241711711061411, 0.08217912006737857, 0.08219665021303742, 0.08213843550832792, 0.08197218271764531, 0.082037678587882, 0.08193096702640083], "valid_loss": [0.11451273349424203, 0.10527528325716655, 0.1014567104478677, 0.09982300363481045, 0.09882817789912224, 0.0975383638093869, 0.09728673659265041, 0.09722972040375073, 0.09713305967549483, 0.09731429939468701, 0.09671664300064246, 0.09671038202941418, 0.09642524023850758, 0.09626934118568897, 0.09595128148794174, 0.09615420363843441, 0.09653673072655995, 0.09651833462218444, 0.09627892014880975, 0.09732782281935215, 0.09690716490149498, 0.09637599065899849, 0.09694916320343812, 0.09687267616391182, 0.09669130730132262, 0.0972336046397686, 0.09713006330033143, 0.09715618751943111, 0.09722608824570973, 0.09746022025744121, 0.09769657254219055, 0.09780801832675934, 0.09752642549574375, 0.09708976993958156, 0.09786054243644078, 0.09811781905591488, 0.09856052634616692, 0.09839580704768498, 0.0984026783456405, 0.09867689634362857, 0.09885913071533044, 0.09886459819972515, 0.09891221051414807, 0.09876135860880216, 0.100088765223821, 0.10001136052111785, 0.09985376584033172, 0.099929495404164, 0.09980598278343678, 0.0990462073435386, 0.10003012232482433, 0.09917826453844707, 0.09941309628387292, 0.09978159020344417, 0.09898101103802522, 0.09952349215745926, 0.09920808052023251, 0.09952663071453571, 0.10000131651759148, 0.09945725277066231, 0.09953114142020543, 0.09984117311735947, 0.1003541840861241, 0.09996325274308522, 0.09964326582849026, 0.10026901339491208, 0.10058151682217915, 0.10040129286547501, 0.10013203943769138, 0.10022292844951153, 0.10077476253112157, 0.10101575031876564, 0.10033533225456874, 0.10102342503766219, 0.10038629981378715, 0.10098826264341672, 0.10108241252601147, 0.1018648458023866, 0.1009338479489088, 0.10148352322479089, 0.1009738917152087, 0.10104354967673619, 0.10138123917082946, 0.10103385522961617, 0.10179301040867965, 0.10120834099749725, 0.10155329667031765, 0.10159408487379551, 0.10116270246605079, 0.10171744351585706, 0.10155902554591496, 0.10283356842895348, 0.1020851768553257, 0.10243783829112847, 0.10323737499614556, 0.10238212533295155, 0.10262390909095605, 0.10150646728773911, 0.10321946193774541, 0.10279419769843419], "train_metric": [8.406442208741883, 6.802428067447416, 6.292464621536438, 6.019907938274408, 5.903568017480242, 5.777796673457767, 5.70904215731986, 5.641084727770067, 5.580992972154007, 5.583641148841087, 5.529796484427806, 5.479749214702026, 5.446845326501122, 5.432602513110645, 5.401784410253309, 5.368423000672971, 5.369615671930999, 5.332340275091721, 5.340340719164663, 5.284516610030661, 5.312540437883907, 5.307181691388888, 5.271434638238099, 5.296465229952881, 5.2864771132782105, 5.2583300318238, 5.245845887247936, 5.251067294981893, 5.23874471841117, 5.244711592368975, 5.237648986668294, 5.219504585998625, 5.2418393394468605, 5.211734274264302, 5.199968498601871, 5.205409218022833, 5.212600338129485, 5.192423611005214, 5.205673097834654, 5.169303626796822, 5.193207600922191, 5.20512698918713, 5.186508290600138, 5.171145696533357, 5.183462516042496, 5.174194323058168, 5.166755530169604, 5.1879632703914345, 5.144929904780778, 5.18235340025838, 5.154670576879208, 5.150295069208123, 5.153839335911484, 5.129945618564455, 5.137967357003606, 5.1606466040175585, 5.150587182126485, 5.121835839826363, 5.122468599414845, 5.1417482460216775, 5.124491095718993, 5.119853036014761, 5.104077526928881, 5.153336991637939, 5.086224714747258, 5.105299111080713, 5.125473548903649, 5.114828459495581, 5.148363486099002, 5.096777807888941, 5.092082591317429, 5.10148994790323, 5.111546406742892, 5.099585599349908, 5.093532947025915, 5.110610174262391, 5.087376112172211, 5.102209021155153, 5.094656767787801, 5.10335645013581, 5.059718732719156, 5.067707113284908, 5.125309987821819, 5.092422745755565, 5.054603290497489, 5.0944776605468025, 5.09042768846662, 5.0778493883237985, 5.067670787932828, 5.075496065840487, 5.044943074783612, 5.057440019805966, 5.062237805368327, 5.067121147530872, 5.065173751418916, 5.083523255859555, 5.059780496765124, 5.0586861527703135, 5.074805352476031, 5.036063270544699],