{"epoch": 19, "train_loss": [5.575419924697098, 4.793439918634843, 4.407471306469976, 4.090557336807251, 3.7985534412520274, 3.519881297130974, 3.251104341477764, 2.994334403349429, 2.7410595794113313, 2.5084048229820874, 2.280832891561547, 2.0642055066264406, 1.8708022528765154, 1.6871877428220243, 1.526154847169409, 1.377326518905406, 1.2499259740722424, 1.1330681765566066, 1.0317809672988192, 0.9396135153210893], "valid_loss": [5.031373296465192, 4.747990471976144, 4.637048653193882, 4.616477421351841, 4.6113296917506625, 4.637553828103202, 4.701082161494663, 4.777129650115967, 4.877395016806466, 4.957960673740932, 5.064252308436802, 5.162138530186245, 5.274752344403948, 5.395341191973005, 5.5233034406389505, 5.6452750478472025, 5.77361604145595, 5.878398486546108, 6.012505940028599, 6.127757413046701], "train_metric": [0.1738248135964148, 0.0700764758113939, 0.03397099119225327, 0.01697944413321359, 0.008595136525679607, 0.004544709277153171, 0.00243744831240907, 0.0013804000130478217, 0.0008009791924208573, 0.0004729205694003981, 0.0002872973982655272, 0.00016829028613905535, 0.00011284806397496438, 7.015655553196484e-05, 4.8386000355287476e-05, 3.097189147797368e-05, 2.1420207602671428e-05, 1.5107541804057515e-05, 1.0494725441142004e-05, 7.196918039361094e-06], "valid_metric": [0.09834812695236192, 0.0677261717246284, 0.055226493789159455, 0.049790709394373245, 0.047092427223740005, 0.045842101456027934, 0.04629924056678599, 0.048234690943060606, 0.04858343941824777, 0.04896926248658775, 0.049768305149208124, 0.05127439868868789, 0.053635933355803786, 0.05241985710299745, 0.05333055207606163, 0.05441135140678685, 0.0546384503854989, 0.05474188976985695, 0.05653985358923975, 0.05700750363225949], "bleu_score": 0.005016820765498724}