{"epoch": 199, "train_loss": [0.12797809076621544, 0.1044077982548543, 0.1018511768772092, 0.10057230352314278, 0.09979445565345506, 0.09906843542141686, 0.09844979829272849, 0.09783941120169569, 0.09733329999655095, 0.09679488265097923, 0.09644069828450941, 0.09597235033085252, 0.09557778430557667, 0.09516932324030514, 0.09461903991787715, 0.0942276867196029, 0.09387460734906676, 0.0936376003133678, 0.09308301091324293, 0.09281745507467262, 0.09245678753181316, 0.09198958394178657, 0.09173229219611555, 0.09153518633811235, 0.09113494830620862, 0.0907496813863646, 0.09080313468213685, 0.09027598947937311, 0.09018688938503182, 0.08973347509531995, 0.08955088485536616, 0.08931361747230505, 0.08900920438323999, 0.08880464911591017, 0.08868819221398716, 0.08856186208896762, 0.08844508354320277, 0.08804802469681444, 0.08779762102917292, 0.08781011383085792, 0.0876096693644357, 0.08735624785376428, 0.08743120446866257, 0.08715581044749922, 0.0869490231944484, 0.08685882168305493, 0.08687360653059972, 0.08689288280936829, 0.08640611962329872, 0.0863895261717155, 0.08623459941695351, 0.08613128677075607, 0.08628275990486145, 0.08595257044228924, 0.08582690345147811, 0.08568261659757019, 0.08573625558848985, 0.08537258703961123, 0.08547228685372782, 0.08530560152109012, 0.08518321255799464, 0.08533683448509358, 0.08516280382351063, 0.08503438002027279, 0.08522133976546438, 0.08488935755980588, 0.08486477353947652, 0.08505203594417031, 0.08500716168287019, 0.08455357206049965, 0.084559119749798, 0.0847453748945586, 0.08468165922112861, 0.08470183339246495, 0.084597970102812, 0.08442326547277026, 0.08447853182991519, 0.0839507689772735, 0.08446755256975583, 0.08405303637859082, 0.08384807726701794, 0.08441647324369464, 0.08424573977311105, 0.08406739813727063, 0.08396665049171864, 0.08399053339289266, 0.08390072629050917, 0.08409483841412974, 0.08377783228216212, 0.08367592584358031, 0.08355404978300807, 0.08389515742073933, 0.08397268910595423, 0.0835799442108021, 0.08378765758078172, 0.08385666410995883, 0.08374560495846657, 0.08368540984704505, 0.08376305634928582, 0.08350035593759544, 0.08352718425825173, 0.08349190880117457, 0.08323170993005344, 0.08349897491229154, 0.08359684427492484, 0.0832766300823751, 0.08330907726326885, 0.08315430835344906, 0.08308888493536862, 0.08350864036504879, 0.08332622334296005, 0.08320969365960125, 0.08334088693149225, 0.0837978992009267, 0.08282267852121045, 0.08295478367584241, 0.08307859293433256, 0.08292889390059434, 0.08297059818386511, 0.08364002712428831, 0.08288031380509706, 0.08259605357675573, 0.08319247484727718, 0.08296621356598675, 0.08309609133864074, 0.0829728962487529, 0.08299828343516354, 0.08294651654089383, 0.08316296124302143, 0.08265273355956161, 0.08276226457745227, 0.08266260914146639, 0.08339899103258895, 0.0828250573386792, 0.08315388480909006, 0.08333077759982196, 0.08255450281123407, 0.08311745563448777, 0.08265760033411751, 0.08281037561172482, 0.08287951265620352, 0.08268007126893019, 0.08263399578858671, 0.08311882748484091, 0.08285718655221848, 0.08275893047517044, 0.08275540626920988, 0.08350483054807613, 0.08310172698708601, 0.08295741560157209, 0.08280487231682482, 0.08259697053500138, 0.08282833328413651, 0.08278990979408073, 0.08242848608236125, 0.08221858367323875, 0.0828764065124062, 0.08271199624220878, 0.0829324901396791, 0.0825033924790449, 0.08316211552078547, 0.08271258199123836, 0.08332953686667322, 0.08221798656939419, 0.08270770064087414, 0.08290700851959953, 0.08257321688025279, 0.08322479712520624, 0.08277955083542515, 0.08273489143715675, 0.08265990571944475, 0.08258813970994741, 0.08289667267726498, 0.08286344147730602, 0.0832301020687324, 0.08284950715095195, 0.08257785620062112, 0.0832974696979252, 0.08242874543739719, 0.08263628563831467, 0.0830087393001698, 0.0830134336702428, 0.08229389025394573, 0.08284205232450015, 0.08268176113544072, 0.08275999714453668, 0.08283536949532522, 0.08265645109019425, 0.08240130820258736, 0.08296733074638521, 0.08319578996521937, 0.08278113284746112, 0.08266119434453514, 0.08269348860958257, 0.08240012557746021, 0.08224196172437293, 0.08291508315952584, 0.08265350077415137, 0.0826108082315547, 0.0826200455687452],