{"epoch": 9, "train_loss": [6.560247246099978, 5.543082548647511, 5.175728021835794, 4.988169837971123, 4.853490121510564, 4.719311487917998, 4.595116853713989, 4.492738006066303, 4.403982381431424, 4.319925213346676], "valid_loss": [5.818447232246399, 5.3262845277786255, 5.119967043399811, 4.984556317329407, 4.8637096881866455, 4.742945075035095, 4.66739809513092, 4.580147922039032, 4.530145287513733, 4.460273623466492], "train_metric": [0.11543577003186266, 0.05470662296217315, 0.047740368689712216, 0.04346590829031808, 0.04035951335050622, 0.03772064001589405, 0.03547397827148437, 0.03340741229032399, 0.03161934291294643, 0.02997040135597696], "valid_metric": [0.058801223709564664, 0.04918938719548351, 0.04469643650426289, 0.04155452234387568, 0.03937831841316597, 0.03746426865260156, 0.035837416627359606, 0.03430826575065548, 0.03342787491161953, 0.032019638147124385], "bleu_score": 0.007994607499472017}