{"epoch": 99, "train_loss": [0.13987197564288517, 0.11586028864550278, 0.10923544613555008, 0.10576864208326589, 0.10374982264624932, 0.1022184060715692, 0.10093502768652929, 0.09998421631265415, 0.09884217023589205, 0.09797357292805176, 0.09680857929079814, 0.09597075619942236, 0.09503420855540896, 0.09430600452240898, 0.09340288102887083, 0.09265800373522996, 0.0918328119482536, 0.09125602560923089, 0.09042813423939668, 0.08964426841538026, 0.08919442890773173, 0.08847374387703608, 0.08778081844076839, 0.08720354195765533, 0.0868029373994821, 0.08634448539481933, 0.08572226216178794, 0.08532121909302395, 0.08463771094661612, 0.08421269078702386, 0.0837972223368274, 0.08355573291471431, 0.08295858856371917, 0.08274445355784424, 0.08230517905482038, 0.08209542972422063, 0.08165654675083389, 0.08142485300396207, 0.08129874356579052, 0.08091422687711675, 0.08046050418542462, 0.08026308668818016, 0.08016926743187759, 0.07982489554512448, 0.07950616536832793, 0.07942101879931954, 0.07916022020526328, 0.07900305762561648, 0.07880891291790654, 0.07868386570803464, 0.0784373453708455, 0.07831696590091464, 0.07807342709737573, 0.07790057920732874, 0.07785204685736431, 0.07763110341984111, 0.07754533056283622, 0.07742657201714391, 0.07716610157398678, 0.07708606899890837, 0.07719268186188681, 0.07686138862345417, 0.07693443333477953, 0.0769528367406156, 0.07653755964670639, 0.07656194635679107, 0.07642136802124144, 0.07638987952509822, 0.07607668486940287, 0.07636794617082354, 0.07580061827879805, 0.07593805339659146, 0.07587660639241793, 0.07560975818719927, 0.07579331721411, 0.07551328696343056, 0.07593462593430515, 0.0756702058700495, 0.0753930386920423, 0.0756585305825071, 0.0753728568261107, 0.0752127328196207, 0.07526702943001772, 0.07542033475624421, 0.07510336278632739, 0.07498060087124334, 0.07525094670109353, 0.07503360893788817, 0.0746851199383819, 0.07486728668277962, 0.07478574381970422, 0.07486413830818048, 0.07473625171132484, 0.07487563060100422, 0.07471555103771552, 0.07486005015183224, 0.07449265971259258, 0.07461384171416666, 0.0745404687543363, 0.07486007051892156], "valid_loss": [0.11987166851758957, 0.11098586238528553, 0.10557798874613486, 0.10423635691404343, 0.10228390246629715, 0.10162105048565488, 0.10082464047560566, 0.10009092327795531, 0.09871743060648441, 0.0989584400269546, 0.09829174442902992, 0.09745878667423599, 0.09758111167895167, 0.09682362663902734, 0.09729803049642789, 0.09702974969619199, 0.09694774772383664, 0.09669703892187069, 0.0970884087054353, 0.09702525640788831, 0.0969929234369805, 0.09668335387189138, 0.09707428436530263, 0.09686081346712615, 0.09931423417047451, 0.098109413820662, 0.09771425443652429, 0.09818603147409465, 0.0986611310784754, 0.09833310348422904, 0.09914785986276049, 0.09973389488693915, 0.09956458220748525, 0.09984746732209858, 0.10043605564064101, 0.10068675669792451, 0.10174987053400592, 0.10167529590820011, 0.10167064841248487, 0.10262843917467092, 0.10312946748576667, 0.10377861941723447, 0.10296672121866753, 0.10282404191399876, 0.10462589218820396, 0.1040379095234369, 0.10477082215641674, 0.10490257440036849, 0.10444996898111544, 0.10537022205167695, 0.10469390363677551, 0.1059585508743399, 0.10618515322475057, 0.10673879253629007, 0.10673251091257523, 0.10812559606213319, 0.10735030031125796, 0.10766023083737022, 0.10761911990611177, 0.1077777678637128, 0.10826129936858227, 0.10812781221772495, 0.10807943638218076, 0.10856147247709726, 0.10795672747649644, 0.10924556302396875, 0.1092892672474447, 0.10911338884187372, 0.11009874420338556, 0.11016022766891279, 0.10976704670802544, 0.10945750478851168, 0.11024160741975433, 0.10959171297910966, 0.11085887184660685, 0.11069085145075071, 0.10997272429889754, 0.11101619360086165, 0.11019843924594552, 0.11150253936648369, 0.1113092660119659, 0.11112946536588042, 0.11113767982705643, 0.11140678048525986, 0.11140046562803418, 0.1111468730592414, 0.11142140921009214, 0.11188445191242193, 0.11187257480464484, 0.1120217552310542, 0.11234271477319692, 0.11220856716758326, 0.11260915822104405, 0.11233079413834371, 0.11288160889556534, 0.11194795134820436, 0.11265661959585391, 0.1126277396749509, 0.1122084118817982, 0.11327649878436014], "train_metric": [8.077639274243175, 6.849075582596704, 6.3748250768293175, 6.100058197817126, 5.959092233893552, 5.854147513953308, 5.769690011980116, 5.687902041221863, 5.604289084791453, 5.551776895538524, 5.469961984218317, 5.418591203070087, 5.360719156258235, 5.304407897131101, 5.261137330913108, 5.200684480418476, 5.1602933127638835, 5.1259607092272566, 5.07879109705016, 5.023887783741104, 4.999642038787829, 4.963948676715738, 4.918948233786064, 4.89312551186281, 4.869702009762101, 4.842537676959699, 4.808979294580675, 4.780151811645526, 4.757375811280304, 4.710703525158316, 4.695788539268953, 4.693416512298696, 4.649319224372355, 4.649410660794706, 4.608740590390935, 4.601723990536593, 4.580997432203597, 4.556680335161313, 4.561084133726382, 4.540226250127483, 4.5144151543496305, 4.496108405315081, 4.498632921844541, 4.471076023597959, 4.457915437153046, 4.44701200016891, 4.442401459508905, 4.424355973690279, 4.4133693033719315, 4.418919557534045, 4.3920027254817935, 4.397824636772045, 4.3797444253523405, 4.3663032605908265, 4.365277468324112, 4.345525396293385, 4.353258042188716, 4.342893345645011, 4.324241135850503, 4.314664272342625, 4.3201824255097785, 4.307893638144468, 4.314198539330447, 4.308297218393553, 4.296575395396153, 4.294321817894504, 4.286780345139649, 4.281060719879865, 4.267307781579657, 4.277277070058254, 4.248433688336961, 4.255739211193292, 4.2591786858680445, 4.2233228476975695, 4.261618064243184, 4.231468547933986, 4.270000389774517, 4.2431827763742715, 4.231781299729852, 4.233519851520497, 4.227490401369849, 4.223914129145104, 4.223044100031092, 4.22982090101412, 4.212929949702141, 4.20742525613998, 4.227826526825585, 4.212912701808892, 4.184272237933073, 4.201315685546983, 4.188013547930209, 4.201109830682417, 4.182154903954093, 4.206909490976686, 4.182570117372251, 4.198781428587842, 4.184063647207411, 4.174354443091464, 4.183702355088568, 4.198414904675475],