{"epoch": 99, "train_loss": [0.14701397121603313, 0.13501298072947165, 0.13085428563528187, 0.12284690099381984, 0.11684994916858632, 0.11489875273022589, 0.1129560997978048, 0.11116420724896885, 0.11031535583422174, 0.11113335982810982, 0.10953619819150741, 0.10956213789215255, 0.10803968329226606, 0.10764960798243768, 0.10802671293764655, 0.10863758698431165, 0.10798871204842647, 0.10776248984201506, 0.10732860160446583, 0.10738761215491066, 0.10663520180372171, 0.10647831466780999, 0.10624014556928493, 0.10639595865032038, 0.10661725520957506, 0.10573577142308373, 0.10607186187562984, 0.10679695377833978, 0.10518424918948302, 0.10612037677041308, 0.10551109373179066, 0.10480328935592977, 0.1042224528292381, 0.10518995887197262, 0.10373800830289266, 0.10445499355095443, 0.10412779235683674, 0.10347473660410753, 0.1039922617408386, 0.10335828256528971, 0.10351159560237909, 0.10259924477625101, 0.10281276013132787, 0.1031822227104262, 0.10253161504279057, 0.10244048757714476, 0.10376491830338558, 0.10325061474564814, 0.10316779510032661, 0.10179228202224298, 0.10159602087788186, 0.10260728671821444, 0.10384556387579598, 0.10280766357631142, 0.10328604437118014, 0.1025073364962657, 0.1018119411111919, 0.10213296160947807, 0.10122997499189001, 0.10106654644142592, 0.10129925309310313, 0.1013732521945212, 0.10062391691593103, 0.10086675375439715, 0.1015831387914945, 0.10084247286533164, 0.10039289904083228, 0.10056650062705752, 0.10036358217745368, 0.10191415793640644, 0.09991503119728971, 0.10034615038914452, 0.10070778660508743, 0.10047737821350972, 0.09986178219058107, 0.10006462658987295, 0.10057197573013181, 0.10027471659745713, 0.10028694095049362, 0.0996052999553722, 0.1000726192408774, 0.10098110523286345, 0.10117420742865733, 0.09967982072757321, 0.0993413755662056, 0.09898199482646051, 0.09941639399814814, 0.09937794272295773, 0.09949563967478849, 0.09890780513333441, 0.09961584932679172, 0.09914950213057505, 0.1013982889758968, 0.10036474219055676, 0.10013546775131767, 0.09851458681722916, 0.09884655745659332, 0.09897208802694837, 0.0991144659542621, 0.09867148189175076], "valid_loss": [0.13624531687482408, 0.12927496923427834, 0.12300859823038704, 0.11594568565487862, 0.1138844545930624, 0.11145378796285704, 0.11340504306319513, 0.1134016863805683, 0.11018148368518603, 0.10827711940203842, 0.1067298806615566, 0.11029946196236108, 0.10817142046595875, 0.10588328295240276, 0.11032164498771492, 0.10887562052199715, 0.10756664674140905, 0.10831930409920842, 0.10661140995982446, 0.11030117147847225, 0.10655328739238412, 0.1079384540452769, 0.10733900797602378, 0.10679503089111102, 0.10822812016857297, 0.10840529428893014, 0.11123068807156462, 0.10750591029462062, 0.10751247856962054, 0.10757237535558249, 0.10757040359864109, 0.10673482627852966, 0.11076222556202035, 0.10853415462923677, 0.1070968659692689, 0.10685732490138004, 0.10449067052257688, 0.1076816402767834, 0.11039714064253003, 0.1045046916329547, 0.10517620824669537, 0.10465914824683416, 0.10833733087699664, 0.10618532203922146, 0.10413441650177303, 0.11021528549884495, 0.10575700208152596, 0.11358671556962163, 0.10271706824239932, 0.10565914537169431, 0.10608389787375927, 0.10791824807069804, 0.10468216750182603, 0.10813549847195023, 0.1053779631068832, 0.10538953464282186, 0.10813089018981707, 0.10665602658532168, 0.10594404116272926, 0.10814028458767816, 0.10592078221471686, 0.10613539334582656, 0.10748923716968611, 0.10785442786781411, 0.10654929682220284, 0.10400026546497095, 0.1027861670836022, 0.10581291065012154, 0.10596479700976297, 0.10451891371294071, 0.10538630060067303, 0.10653354737319444, 0.1046390596188997, 0.10569286277811778, 0.10578229346949804, 0.10514504158575284, 0.10568462214187573, 0.10517386464696181, 0.10644208659466944, 0.10701292910073933, 0.10505532140010282, 0.12147484827590616, 0.1061065896953407, 0.10411296637826845, 0.1050361298808926, 0.1036438717457809, 0.10570504232064674, 0.10574616383957236, 0.10552925508665412, 0.10915034548624565, 0.10483470068950403, 0.10345816925952309, 0.10648641274555733, 0.1049226640086425, 0.10707789414415234, 0.10491917066668209, 0.10436044045184788, 0.10797888844421036, 0.10373272138990854, 0.1092109995845117], "train_metric": [8.717016484463825, 8.297414829390691, 7.9481755143009805, 7.370838514219276, 6.8892600384986284, 6.771580854419546, 6.593158385349419, 6.512156040507997, 6.41296428748409, 6.51100034063353, 6.387802782563016, 6.38212914606629, 6.2706783697555615, 6.238088230476373, 6.2693730858749275, 6.328822155170157, 6.2708826147942816, 6.244601372328154, 6.237924772187561, 6.23751189147167, 6.17357959654602, 6.157722028124612, 6.15490117271829, 6.173142949406468, 6.184008994041372, 6.102728045378295, 6.1475188361648465, 6.174161812398373, 6.066612052608439, 6.149582972282829, 6.117050762010755, 6.060189052013713, 6.021473204550502, 6.085761054097017, 5.987448470514185, 6.027930481793129, 6.003378272074139, 5.9871977714643085, 5.9883940254646335, 5.959633444419295, 5.976634257776359, 5.918343774804241, 5.931968794600885, 5.945624829813594, 5.902476031047323, 5.904899670214168, 5.990488574648486, 5.954547022382506, 5.954294773067531, 5.869506757834256, 5.850589262787733, 5.908175160667475, 5.999491192206207, 5.945604888201287, 5.967555397967559, 5.900176431068986, 5.848319629731559, 5.881842080123436, 5.811609789345011, 5.802482455516708, 5.8278855736643, 5.835572285862169, 5.7890638586593, 5.812473309480805, 5.84115163207774, 5.790436628799338, 5.775580165276982, 5.791276633678014, 5.756459386592095, 5.863686234983679, 5.732738381932386, 5.768868099521126, 5.778377372257347, 5.768240737184577, 5.743936908703382, 5.737006465716888, 5.770434284196158, 5.756629452752442, 5.752209952625966, 5.722052773770501, 5.758077814470494, 5.827679155220215, 5.8268364111090785, 5.714634964297176, 5.690170753895929, 5.66235086123851, 5.706221194624778, 5.704265659662107, 5.695082417958825, 5.666855673144503, 5.736735820559553, 5.6577417230655245, 5.8444676148485835, 5.773860379054842, 5.75919580003056, 5.639468900057121, 5.671019880738977, 5.670229655159189, 5.668565331792108, 5.658217633660789],