{"epoch": 199, "train_loss": [0.1702145192472414, 0.12970047542589835, 0.12774159806384439, 0.12552306582701617, 0.12037717413970794, 0.11439931942899337, 0.11047646227753026, 0.10767248561926956, 0.10530642250916739, 0.10320079467933753, 0.10118355861083529, 0.09933895418613121, 0.09767899045656467, 0.09635490189766747, 0.09515151156690614, 0.09412164699243403, 0.09337690335580673, 0.09250806209941705, 0.09201529735549428, 0.09148702445043914, 0.09090780533165083, 0.09070068826877523, 0.09019993303407883, 0.08998492509983051, 0.08955060161821458, 0.08920249644795368, 0.08917863859698691, 0.0889464180231437, 0.08880336304334388, 0.08854021358935313, 0.08834339485600076, 0.08817772948365102, 0.08802917417695467, 0.08791500830958629, 0.08777833667894204, 0.08753276781189716, 0.08740527499681232, 0.08707204028621487, 0.08700769927738042, 0.08681369827653485, 0.0869234583886533, 0.08657015911464033, 0.08628648376070905, 0.08628937148157208, 0.08632574506617825, 0.08600332408115782, 0.08587332750702727, 0.08570285927204566, 0.0856600314935391, 0.0855202478538642, 0.08542392253019344, 0.0852352134112654, 0.08729393262116389, 0.08489414321622629, 0.08487369152235574, 0.0847414575260261, 0.08452840819526677, 0.08454616761755669, 0.08450365935762723, 0.08431820644215605, 0.08422638047700641, 0.08417986879317925, 0.08422218899017778, 0.08379064519600622, 0.08380601730668681, 0.08368283983362818, 0.08364372516329262, 0.08354972330746295, 0.08347210919634364, 0.08333836202563226, 0.08321669804810107, 0.08316078311067888, 0.08298862522104006, 0.08295687455041655, 0.08287893477613213, 0.08273055218160152, 0.08264091069242735, 0.0826332863719984, 0.08290433065815904, 0.08242136678904638, 0.08232257949809234, 0.08237141554896858, 0.08229827048021486, 0.08213155483291752, 0.08210340656083205, 0.0820131977570468, 0.08189984241864462, 0.08185043507095041, 0.08179888071428085, 0.08162027158528223, 0.08166816211894326, 0.08152650022643736, 0.0815223702711278, 0.08128587156534195, 0.0813644268689142, 0.0812158615210618, 0.08117870264954266, 0.08102523115859635, 0.08113762712769809, 0.08096457503992936, 0.08094635595107215, 0.08079512449431009, 0.08072056276616695, 0.08070094322507408, 0.08065951795413576, 0.08078784403530345, 0.08045065595672049, 0.08044087786184645, 0.08037871334316402, 0.08034762785095594, 0.08016360726678508, 0.08005500475651231, 0.08012403188080623, 0.08002394127349059, 0.07997565478857221, 0.07994534599798164, 0.08032733413936763, 0.0798927463120085, 0.07985952939709713, 0.07974606491197114, 0.07970740611868343, 0.07971557850639026, 0.07960099911038902, 0.0796211448594414, 0.0795432919015487, 0.07936188683513253, 0.0793864590426286, 0.0793464781566598, 0.07931616345698807, 0.07933765320085931, 0.0791280999051771, 0.07925885870795825, 0.07903520249087236, 0.07897378953880277, 0.07901863736667852, 0.07903539170992785, 0.07900504069938057, 0.07888262389206338, 0.07888551167715555, 0.07886999978244989, 0.07875696098667452, 0.07875988107902565, 0.07880775686139348, 0.07876992630290575, 0.07863212327590619, 0.07863731759375539, 0.0784333336284791, 0.07852648596825271, 0.07841764488953283, 0.07851608530029483, 0.0783582267233695, 0.0782700900801982, 0.07818270825791633, 0.07827932892859667, 0.07821568696834576, 0.07826283946633339, 0.07809644160342627, 0.07809457277086959, 0.07810838726060144, 0.0780831368575836, 0.07798350249128096, 0.07800398891170819, 0.07797310467081509, 0.07802820117908647, 0.0779846057766813, 0.07794886305071842, 0.07787510519312031, 0.07771798332446608, 0.07799016119077287, 0.07789177959249623, 0.07762812987911975, 0.07763007747801556, 0.07762472622696011, 0.07759613124118454, 0.07774156661725592, 0.07795959800995629, 0.07751258299953637, 0.07750528001751023, 0.07734551563345153, 0.07734308777184322, 0.07735999288230107, 0.07737494180856765, 0.07750609251617015, 0.07740357295535076, 0.07749452345587056, 0.07722801850016775, 0.07720938596831656, 0.07703678789495051, 0.0772592598979158, 0.07726833226437542, 0.07717591374256146, 0.07715161176848001, 0.07729194435323107, 0.07724023028009239, 0.07685781161076036, 0.07699035069551961, 0.07714293743002004, 0.07706675682773535, 0.07707923717111692, 0.0768842017599221],