{"epoch": 199, "train_loss": [0.11251622478598515, 0.09723377424000784, 0.09351688262274246, 0.09021633572855126, 0.0881869388594939, 0.08718462419369123, 0.08651103251542583, 0.08560956666914334, 0.08440999203461101, 0.08341580117299072, 0.08286375754498627, 0.08233845628307464, 0.08182669601239662, 0.08153739388150569, 0.0812059806816223, 0.08090540420136037, 0.08064731322086723, 0.08044887658471654, 0.0802717243075968, 0.0801007941343914, 0.07990198763698794, 0.07985660404620962, 0.07954031434478878, 0.07936892953331633, 0.07933904542338871, 0.0790387588634888, 0.07868022392219544, 0.07857592611481215, 0.07843983904032023, 0.078310945081944, 0.07804152214338021, 0.0779778464690192, 0.07909148101310978, 0.07804229701620363, 0.07798203987332473, 0.07823426833639334, 0.07758241940737624, 0.07788264708422864, 0.07765781436513626, 0.07773801114922034, 0.0774039862293551, 0.07792101090041678, 0.07797930744220681, 0.07776994173742034, 0.07732046282324115, 0.0770372077271712, 0.07689346051917105, 0.07702090960877542, 0.0769725315901984, 0.07687990461078024, 0.07669895641569702, 0.07693550927486299, 0.07704627498778166, 0.07642102235117713, 0.07731248097288074, 0.07634035043439735, 0.07617354688753608, 0.07573580401523025, 0.07582599622062372, 0.07591638744822952, 0.07570284131189225, 0.07549974510538612, 0.07547372006917842, 0.07609176533900998, 0.07558724755698545, 0.07573070450159827, 0.07564414970448795, 0.07579841908735742, 0.07542481542856411, 0.07565073480559442, 0.07575215858528177, 0.07524609833756704, 0.0755895963080853, 0.07568818739551397, 0.07526783351715341, 0.07581667227222662, 0.07571907766618347, 0.07512987915334071, 0.07516139498840704, 0.07545645164951455, 0.07503953143662795, 0.0751493418507477, 0.0763371964234091, 0.07587254087561528, 0.07556900251585677, 0.0762003087118723, 0.07562347666808326, 0.07570339019858201, 0.07541365924874278, 0.07515983215625618, 0.07595803625241832, 0.07509734902445597, 0.07515923919170413, 0.07614014712375596, 0.07659588925334276, 0.07545493006748893, 0.07527999368403818, 0.07560357188749063, 0.0754354546745912, 0.07502160190590408, 0.07561418438643103, 0.07528479738544872, 0.07552617316255132, 0.07499892097357519, 0.07590585505547187, 0.07565735009470458, 0.07600357297822151, 0.07542357299448425, 0.0763051818188934, 0.07494933227475249, 0.07513350197149597, 0.07543936847417637, 0.0748609896919882, 0.0749500899678736, 0.07487950950171372, 0.07518045889846411, 0.07487957530214188, 0.07530219847592347, 0.07545334631612681, 0.07472728138242116, 0.07469334261392364, 0.07564084791891162, 0.07511922560866836, 0.0749523471525465, 0.07471137592846258, 0.07643936525582413, 0.07566328344951945, 0.07526812123895431, 0.07515247289681423, 0.07522934838553592, 0.07566675308643918, 0.07576480418628523, 0.0755598334531577, 0.07502091370295477, 0.07571756399862241, 0.07598362864663412, 0.07548929458370304, 0.07534800431662673, 0.07521788396993438, 0.07580942516250692, 0.0758550738691857, 0.07570659924113682, 0.07524951903561827, 0.07721251164712296, 0.07906649278242227, 0.0762609746004988, 0.07685044495289335, 0.07604816584947398, 0.07517180152109447, 0.07574597455717566, 0.07609882869203184, 0.0759629927227231, 0.07545728531118681, 0.07544279130858206, 0.07520046907313566, 0.07526073718038281, 0.07547518881286658, 0.07541630369831474, 0.07608679820826092, 0.07575654486400424, 0.07560805155085186, 0.07717165783339158, 0.07677174846193831, 0.07621107373798963, 0.0761982263243608, 0.07548426751772525, 0.07644981219262624, 0.0777092874352287, 0.07631335202035786, 0.0757945325147389, 0.07563525095283416, 0.0759099156218972, 0.07721566550348324, 0.07576516610819078, 0.0758351044772008, 0.0769673808253875, 0.07584081584843629, 0.07627867113884168, 0.07575974287820682, 0.07715307381039642, 0.07645714284233635, 0.07604210220014264, 0.0766356038196254, 0.07598910866952181, 0.07601499606549512, 0.07849321036443171, 0.07669992464103999, 0.0768748534850435, 0.07649806280485319, 0.07674808805197023, 0.07652316538204673, 0.07582889793917025, 0.0756918514709038, 0.07623632911251474, 0.07603884519802989, 0.07592520888233628, 0.0768659703419295, 0.07942666589524171, 0.08127886337363197, 0.08065148458979626],