{"epoch": 99, "train_loss": [0.08676890012136669, 0.07625669564910942, 0.07462935956775404, 0.07389322943096638, 0.07338153935223332, 0.07292914003221199, 0.07254292417470623, 0.07219090120383627, 0.07209512691961836, 0.07186432135858448, 0.07169890611321997, 0.07156147655874316, 0.07150747324613249, 0.07153258501094277, 0.07135721788871571, 0.07120059678972136, 0.0710955537980692, 0.07128126137359299, 0.07272607831507824, 0.07554834018761324, 0.08537939447251475, 0.08176987097784391, 0.075708444924197, 0.07397719716709082, 0.07301453410221612, 0.0722130321189664, 0.07167629716672595, 0.07175974432510146, 0.07139164541642797, 0.07118503136604033, 0.07185425536495765, 0.0713308874209262, 0.07139954150373885, 0.07130989975889725, 0.07091210311706113, 0.07168734250128794, 0.08039779151999908, 0.07350368350634966, 0.07172461912385643, 0.07139766023153102, 0.07374987935870789, 0.0717515613072621, 0.07252728520386222, 0.07134342094946464, 0.072505237856416, 0.07531378048045909, 0.07430817471086162, 0.07306774715058788, 0.07198909299528272, 0.07279068838824389, 0.07216779476898628, 0.07427276467851023, 0.07388455178005793, 0.07197857272083903, 0.07139760502243737, 0.0715810618056118, 0.07196816722188519, 0.07161643434160497, 0.07169973517062611, 0.07111716655421774, 0.07129025193735122, 0.0730262196961562, 0.07233373277348307, 0.0711604805597659, 0.07174478424409456, 0.07193353458403609, 0.07122143897054306, 0.07111098948074444, 0.07112055193181144, 0.07206975992021031, 0.07176425005582487, 0.07297114897859337, 0.0720333146268922, 0.07229630873967181, 0.07150450874923825, 0.07119195639596575, 0.07120438843098563, 0.07162668547718123, 0.07153502626118713, 0.07195862229716767, 0.07190930831575137, 0.07139787167939692, 0.07261164614267773, 0.07305148294295101, 0.07223548080269467, 0.07222376835400134, 0.07180338917297677, 0.07145646920687528, 0.07152037683211393, 0.07207837279320171, 0.0746423167642813, 0.0774360625589366, 0.07416269298086751, 0.07276649916704836, 0.0719299079325764, 0.07173713640342655, 0.07193610394152544, 0.07215344014904199, 0.07202901157721722, 0.07223961977628114], "valid_loss": [0.08042312663217838, 0.07744404966378528, 0.07669602392119064, 0.07612376856015562, 0.07558230956724722, 0.07529177501176794, 0.07451397257697101, 0.07526535664995511, 0.0748767920515754, 0.07449333042122724, 0.07437745277355942, 0.0741379583569601, 0.07443098658507671, 0.07457513528208089, 0.07401009797438453, 0.07512615361213308, 0.07366203274483783, 0.07534185365886625, 0.08212557400934248, 0.07510995997746259, 0.10087032296760666, 0.07921839955808463, 0.07720866956456442, 0.07627364291546095, 0.07481227163695778, 0.074410089884292, 0.0746604795826392, 0.07418084475964383, 0.07511747716879001, 0.0742149731412417, 0.07498474540000763, 0.07455282378001045, 0.07417430811693346, 0.07508229374452824, 0.07425802709732318, 0.07810693553347856, 0.07940692357916498, 0.07532333299009637, 0.0749807509198559, 0.07594598456276487, 0.0751977020197294, 0.07393324251916975, 0.07540568391877142, 0.07403956963257356, 0.07910608940503815, 0.07875404032558729, 0.07580301949208734, 0.0757757358281224, 0.07480363944084431, 0.07578489561847439, 0.07456334435493883, 0.07841666141581355, 0.07537776680258715, 0.07480520863471685, 0.07474375188567045, 0.0758725198366764, 0.07507206746282978, 0.0749447740322788, 0.07441218299179743, 0.07429793220474337, 0.07482084777262626, 0.07548583014350799, 0.07518711221178598, 0.07495135744807846, 0.0748155138742254, 0.07543884197748596, 0.07603052655009157, 0.07573146656428398, 0.07538737880178925, 0.07640050729087582, 0.07764921306792383, 0.07549631375951146, 0.07716465174841385, 0.07492051285813854, 0.07486971224789893, 0.07432642305326281, 0.07520477921993594, 0.07645793846864818, 0.07510489628490324, 0.07581051819807276, 0.07605157898870682, 0.07699956694345056, 0.07573819062625518, 0.07561967644671147, 0.07511236878920986, 0.07575065196924513, 0.0754214776444691, 0.07586874450660414, 0.07537435483648394, 0.08237638832493262, 0.07917151798616455, 0.0805795693327908, 0.07674479825337502, 0.0777745208387837, 0.07613925594187369, 0.07751457148814818, 0.07770338124887209, 0.07703947523053774, 0.07895149414973202, 0.07871306756972288], "train_metric": [5.796676110112037, 4.961955847489938, 4.830267824888195, 4.775286189703956, 4.735697779238143, 4.717245336246532, 4.697283652986072, 4.682067657108135, 4.666477213262202, 4.645589107292624, 4.643773167363177, 4.639887767026238, 4.64476522492249, 4.650694007743298, 4.631475591850207, 4.603606498872107, 4.610313866516307, 4.6103234577517265, 4.744909344847516, 4.938369460030781, 5.539445657538993, 5.507738986281806, 4.9720433345374175, 4.835393264752525, 4.752771743251432, 4.676198508791756, 4.6447084881799885, 4.639971215158754, 4.608193131409834, 4.601691390716405, 4.6092707536558235, 4.628067362690409, 4.627598291282675, 4.623139772375383, 4.587572549848226, 4.633987956285343, 5.201090640837444, 4.767561751507873, 4.623259481690942, 4.628145186447166, 4.760101790174262, 4.659771485487422, 4.7368851201464, 4.629026644899125, 4.692890812959645, 4.859214399982396, 4.788268562480136, 4.7079775247924935, 4.662880826391046, 4.697362064787165, 4.674932170645051, 4.823939755381801, 4.787159776121062, 4.636073481166108, 4.6206105649260305, 4.621729958805391, 4.6736791568777925, 4.627411008260102, 4.627686772073652, 4.600085609343471, 4.608661644908732, 4.7368708471813, 4.675468139979528, 4.6029015233350075, 4.702883666932403, 4.676915262174029, 4.60759536715067, 4.605415461047475, 4.612792120658403, 4.6749432119901195, 4.629854899935204, 4.798698934937128, 4.698997660429434, 4.659427944663506, 4.633755689189563, 4.597840697416751, 4.620904853024464, 4.64278252988648, 4.6614994652365755, 4.685342900055883, 4.642591547307666, 4.62676901566788, 4.65416942447026, 4.747543515945992, 4.688784062724356, 4.706870895521081, 4.664448944227285, 4.6136597726713795, 4.604084871051977, 4.690439357382455, 4.881954155929291, 5.296129958333522, 4.828575453679235, 4.690860784616692, 4.633300199358438, 4.612327226729687, 4.627997040791843, 4.673220664721249, 4.666712858978812, 4.659241262088063],