{"epoch": 99, "train_loss": [0.06804947062832993, 0.054832235389316634, 0.0533783069787606, 0.05234284313551287, 0.05135658022649694, 0.05065807677075396, 0.05014917755000272, 0.04977648900902323, 0.04935761023801282, 0.04910136273087832, 0.04869826059917294, 0.0486082184834336, 0.048363360811175204, 0.048214570733232785, 0.048015360951273345, 0.047831139630592434, 0.04771736895219995, 0.04763197441657828, 0.04753614967737229, 0.04737727381879469, 0.047305982790737056, 0.0472740734677751, 0.04724502128680433, 0.04723357769287586, 0.047034291359958284, 0.04712931817982571, 0.04707417611478256, 0.04697544409783412, 0.047013799439825824, 0.0478062093625602, 0.052006755700544256, 0.048377017877051225, 0.047159120486109846, 0.04697424254946475, 0.04686028037424218, 0.04715090691748072, 0.04770006992926644, 0.04706979617047035, 0.046815108294499454, 0.04681081975533785, 0.04668701012948963, 0.04941948845590698, 0.05613201084179047, 0.05223062466454265, 0.05222640323696889, 0.05104761878001673, 0.05018613895438934, 0.04976577138640953, 0.050345321215410056, 0.05030603090204535, 0.05138050791369993, 0.05134803204332889, 0.051068825762643766, 0.05064833111610124, 0.04994008421189332, 0.04941873028954915, 0.049225939961112714, 0.04862002060568814, 0.04893366019818556, 0.04956450611513956, 0.048916904443622664, 0.048746713630382715, 0.04887762907704591, 0.048445776436392016, 0.048370444955255956, 0.048160666666967895, 0.04810279681849205, 0.04803464804059404, 0.04873704833786409, 0.04857571642867341, 0.04802902752764373, 0.04789755676312087, 0.04821600723120596, 0.0483374774498967, 0.048207958901209776, 0.047820445379612685, 0.047838148075861786, 0.04793519823830736, 0.04791111024552876, 0.0486644075388996, 0.047724899057545817, 0.047809448044865206, 0.04786566482663627, 0.04752226447772439, 0.04736398648127098, 0.047294935035742065, 0.047751492078574403, 0.047426676450120095, 0.04837902593735058, 0.04883605756552659, 0.04826861729721944, 0.047646938613817226, 0.047545740724425835, 0.0480169089798217, 0.04741846045253729, 0.0476821615663961, 0.047398772556334734, 0.04750060202333786, 0.048363327545245374, 0.047973050071619], "valid_loss": [0.056239128823397475, 0.05446289098590096, 0.053671653538597805, 0.052470025235001064, 0.05221589081893767, 0.051702894528821715, 0.051055836367469305, 0.05046049733726964, 0.050696066779897395, 0.04997327087199412, 0.0509968139231205, 0.04988849565731308, 0.04953226550466063, 0.04984818451709486, 0.049419471531072796, 0.049500898129678186, 0.049442451813317446, 0.04924681311139482, 0.04990524886918895, 0.04997054711414899, 0.049593515554173837, 0.049178041043998186, 0.04921143514917076, 0.049519373696146674, 0.04942902494114258, 0.049250761445374845, 0.04958580587209994, 0.049222856480089915, 0.04934538466952784, 0.0570473627031194, 0.05093732287816574, 0.049677704218667365, 0.04903589088921947, 0.049464878222415215, 0.04918749577694201, 0.05001391720220533, 0.04943367311289545, 0.04961153725969654, 0.04932195538213487, 0.04949510288074871, 0.04870782695667592, 0.06226352199567536, 0.053887174653180075, 0.05297683134158223, 0.05310616114666696, 0.05183296489147093, 0.05196124928965734, 0.05141278504894648, 0.05137898144177619, 0.05141704053634164, 0.05225796370923175, 0.05270615476318177, 0.05293869886095124, 0.051219727499464345, 0.05163267938517077, 0.050980777711193, 0.05048471803351634, 0.050272417486230764, 0.05029354481338766, 0.05032545967684316, 0.04993853888156786, 0.050986028023365604, 0.0506482004171851, 0.050235050337421414, 0.0500872891848487, 0.049502757254105086, 0.0502135922130994, 0.05005733121854032, 0.05187714314142059, 0.04967198432611592, 0.04985380941474369, 0.050187678620046965, 0.050191130575244824, 0.0496644493773838, 0.050179898717327615, 0.04934278244658702, 0.05053866223965077, 0.049851040382778024, 0.04975810663160906, 0.049611565027106015, 0.05010893639457019, 0.050093851531344345, 0.049672273229915284, 0.04991847529705894, 0.05022499777075183, 0.049309909763622144, 0.04937371854923364, 0.05044297648949086, 0.05154347362675074, 0.05033101864977379, 0.04965449919159702, 0.05009045626300608, 0.049971599777826683, 0.04981887469746474, 0.05068995878961734, 0.049591724034075794, 0.049679387576145935, 0.050401957501048984, 0.05099328652541072, 0.04988803395818424], "train_metric": [3.698867519168066, 3.0381869779671593, 2.9417656506312464, 2.8845773614571955, 2.828401702605126, 2.7875758588971222, 2.752772854544795, 2.737940445331952, 2.707256510946038, 2.6994808806771777, 2.67016005759396, 2.6683447859189613, 2.6495510829847517, 2.6444672053309546, 2.636895014795366, 2.626116791966214, 2.6171098952358007, 2.613196855926249, 2.608040491801366, 2.595352268291116, 2.59368081552056, 2.593349067936001, 2.5878318043016826, 2.5872282891828595, 2.5770990660983557, 2.588195711284978, 2.5800297460829498, 2.5800541213015515, 2.577251079703158, 2.6254545348650145, 2.85496865368032, 2.652948719595929, 2.5916700588255535, 2.5736645935936986, 2.5674659529752146, 2.583351002462782, 2.6179667171028034, 2.5799611816569366, 2.566940611548784, 2.561765311695892, 2.5603550652270557, 2.7300554264114174, 3.118752439582487, 2.8823341170897727, 2.857207714021096, 2.812449299862862, 2.7476583832649015, 2.7331341611247497, 2.767826515895374, 2.760787585275831, 2.819841692691101, 2.8113092793409007, 2.797884193803947, 2.7747543616854675, 2.7277566897133454, 2.7019817414742757, 2.698016076794882, 2.666002724218635, 2.6705473876995467, 2.7077979838694857, 2.667126430173163, 2.661107049286618, 2.6668504884381874, 2.64320486409781, 2.6365367715856145, 2.624589772644062, 2.6261488868564884, 2.6247700399573968, 2.6633353995742177, 2.6550068996411462, 2.62407102626431, 2.6092358984124013, 2.6310869559514405, 2.6422340034170304, 2.6389862105924045, 2.6172760903773953, 2.6148521040583854, 2.622343390093973, 2.6215444918368656, 2.660147846373781, 2.610946907147096, 2.6071649786617566, 2.6168460633485804, 2.5958761503166277, 2.5852721362545683, 2.5835406479269407, 2.5975207785425845, 2.594064545732949, 2.658084973609096, 2.668688624827326, 2.635406551230831, 2.600376723803882, 2.593313545551068, 2.6248039226474176, 2.5872925114779286, 2.6093544380253797, 2.5885701901076223, 2.594079123951231, 2.64608788000761, 2.626282976002115],