{"epoch": 19, "train_loss": [6.9954758176998215, 6.1860155256427065, 5.932629023279462, 5.733558752098862, 5.567896806463903, 5.426363421946156, 5.269905815319139, 5.145167764352292, 5.035939669122501, 4.935810816531279, 4.843198379691766, 4.757606460123646, 4.68051540851593, 4.607950672811391, 4.538173062460763, 4.4737687232543015, 4.410164358664532, 4.3487929446356635, 4.292023773096045, 4.231480530330113], "valid_loss": [6.350305914878845, 6.038874983787537, 5.831468284130096, 5.673481047153473, 5.5664867758750916, 5.455734968185425, 5.339899897575378, 5.256933331489563, 5.186777114868164, 5.129586458206177, 5.069310307502747, 5.020352721214294, 4.957520425319672, 4.929865837097168, 4.9218710064888, 4.9029276967048645, 4.880872905254364, 4.890222489833832, 4.860222637653351, 4.845961272716522], "train_metric": [0.12106276706234757, 0.06318553469029674, 0.05608011548723493, 0.05062117237947425, 0.045888417805542266, 0.041697491585867746, 0.03791129174680126, 0.03451882776377153, 0.03157066568802814, 0.02897781366776447, 0.026694599182751712, 0.02463704792256258, 0.022840059910988322, 0.02121139181083879, 0.01974875287345266, 0.01844982058778101, 0.017281333527570487, 0.01620887207342654, 0.01527727578064372, 0.014396916706318758], "valid_metric": [0.06410245998569274, 0.054616749404507545, 0.049305680417280374, 0.04497623877948975, 0.04167478800863435, 0.038677080907891785, 0.036070920263626315, 0.03356999809185641, 0.031355872998243224, 0.03008392736378959, 0.02823026027028137, 0.026663022141855883, 0.02552129213208928, 0.024531091650781697, 0.02384559336585996, 0.023393010778504034, 0.022524488978404887, 0.02253216286686128, 0.021759777226303664, 0.021180525052968822], "bleu_score": 0.03626008253532007}