{"epoch": 9, "train_loss": [5.821556823594229, 5.08167412086409, 4.8166065872931965, 4.62632975286367, 4.466799159439242, 4.330284848505137, 4.208448212973925, 4.092119272874326, 3.974666024957384, 3.866267220098145], "valid_loss": [5.251754420144217, 4.9814543042864114, 4.84974479675293, 4.731453895568848, 4.691510745457241, 4.6153983388628275, 4.591349806104388, 4.556990759713309, 4.552563054221017, 4.537348542894636], "train_metric": [0.06953428242384077, 0.038295247279575895, 0.029305551679961534, 0.023390398777553015, 0.019111731663918007, 0.0158978989793169, 0.013357283784516004, 0.011347286991975746, 0.009731853904238173, 0.008406662985354054], "valid_metric": [0.045370936897840324, 0.03626161341413809, 0.03153564991769512, 0.027558877814844, 0.02578332700762685, 0.02414733141874386, 0.022824004766454065, 0.02191093656634951, 0.02119091578892299, 0.020412032843994992], "bleu_score": 7.627866843639415e-79}