{"epoch": 9, "train_loss": [5.517354013968487, 4.458010551880817, 3.8942927572191977, 3.423100551780389, 2.9803498545471503, 2.5527501763129723, 2.147652017218726, 1.7744693172221282, 1.444182456147914, 1.1582867381524067], "valid_loss": [4.803603989737375, 4.335786206381662, 4.1365654809134345, 4.0779290199279785, 4.107659782682147, 4.193545273372105, 4.333533491407122, 4.481942926134382, 4.6595370428902765, 4.873454707009452], "train_metric": [0.1706744294458506, 0.06120927419857103, 0.02372325908427336, 0.00962622338742626, 0.004050038230662443, 0.0017549035174801693, 0.0007967867694582258, 0.0003849664393866414, 0.00018577803375769634, 9.173777737206007e-05], "valid_metric": [0.09838267735072545, 0.051629245138755726, 0.036809588469308756, 0.030564123358132977, 0.027479356736640627, 0.025853073581612096, 0.024936078641975293, 0.02570273565400017, 0.02596083474654576, 0.027114884470683463], "bleu_score": 0.017541903713453065}