{"epoch": 9, "train_loss": [6.514955902586178, 5.676091408242985, 5.3582823568460896, 5.1454392476957675, 4.990127434535903, 4.856613319747302, 4.73943123768787, 4.633453400767579, 4.5368138040815085, 4.44750901144378], "valid_loss": [5.891874372959137, 5.575819730758667, 5.365157842636108, 5.230166077613831, 5.143321394920349, 5.039252519607544, 4.993513584136963, 4.91707569360733, 4.873350203037262, 4.827412664890289], "train_metric": [0.09265540716677297, 0.0508770255762217, 0.03955247737339565, 0.031762993930115994, 0.026277770986751634, 0.022211967667560187, 0.01909999352726531, 0.016621396867401744, 0.014617150312151227, 0.01293003125249123], "valid_metric": [0.05390423707787662, 0.04254844953508977, 0.03494158706653174, 0.030164003292738946, 0.02675440715532069, 0.023801072998616397, 0.021908809247181853, 0.020280942340355972, 0.018852270286987032, 0.017934567825925212], "bleu_score": 0.026171621262187472}