{"epoch": 99, "train_loss": [0.12289318886677955, 0.09864975147674443, 0.08901310304023383, 0.0856881212969204, 0.08352352895077232, 0.08212074284790126, 0.08106533011940542, 0.07934466488161729, 0.07804733231478861, 0.07715879289348049, 0.07647876726562967, 0.07637893682246218, 0.07572954268912778, 0.07592708518095884, 0.07534791110261194, 0.075064682856714, 0.07468880119178985, 0.07477769997319249, 0.07429049475801014, 0.07411659897468587, 0.07424478544249334, 0.0736859051549793, 0.07363572621625628, 0.07355890644870641, 0.07333698351547577, 0.07337685001530607, 0.07300705970122785, 0.07295910293371452, 0.0728920201347956, 0.07269995063472226, 0.07267422188706127, 0.07254258888411044, 0.07249682638900824, 0.07234926304232528, 0.07229782190913235, 0.07224765220543242, 0.07216570955587423, 0.07239043446726927, 0.07195796987809638, 0.07194436606879964, 0.07183059310995554, 0.07189836853205134, 0.0717260790029043, 0.07169901535896059, 0.07169892837272118, 0.07164159370053076, 0.07156959216764466, 0.07147441502440123, 0.07150288216435556, 0.07145312029463133, 0.07156793509595778, 0.07139969491470918, 0.07137995342660042, 0.07135452081641282, 0.07133041971313361, 0.07122304767213819, 0.07120474398967931, 0.0712284913858868, 0.07114240333245968, 0.07109305203558151, 0.07108632469094778, 0.07105741477109322, 0.07113742613311828, 0.07104204664404952, 0.07109377786822844, 0.07094173712072936, 0.07105576819989062, 0.07098181883960905, 0.07095733118591872, 0.07089945381038061, 0.07088597698265132, 0.07089923244886782, 0.07084353733452335, 0.07079247651685683, 0.07088743009469436, 0.0708792238720188, 0.0707617674524121, 0.07068692989832231, 0.07097145798082911, 0.07071871445194342, 0.07082719258956953, 0.07069160245565115, 0.0707754145113339, 0.07066826775087086, 0.07068624507408333, 0.07058670357196727, 0.07058400646001385, 0.07057917017475453, 0.0705412274923261, 0.07058615739037859, 0.07057563365501074, 0.07056722051343163, 0.07056752748552796, 0.070521995087531, 0.07046029888242768, 0.07052024321467082, 0.07045423778001475, 0.07043659258527211, 0.07047255746913604, 0.07036528748616519], "valid_loss": [0.11521054885729595, 0.09505014162924555, 0.090299967503934, 0.08831633074140108, 0.0865792868244979, 0.08499619057746949, 0.08417053472388673, 0.08230606881832635, 0.08129600166446632, 0.08048145110132518, 0.08001233750471362, 0.07946866874203638, 0.08056891245974435, 0.07926553168368561, 0.07863224827580982, 0.07917038191247869, 0.07879368941541072, 0.07824845231931518, 0.07824527936539165, 0.07824869940264358, 0.07798956051744797, 0.0778702768255715, 0.07779445428815153, 0.07782043916069799, 0.077687676395807, 0.07801077711499399, 0.07771316982667756, 0.07778440044020062, 0.07746904798679882, 0.07742275957156111, 0.07716674275558304, 0.0773295559954864, 0.07712490921495137, 0.07800203466580974, 0.07745003671281868, 0.07741738803408764, 0.07738734580300473, 0.0774314021139785, 0.0775379331920434, 0.0773004339180059, 0.07742376617949318, 0.07704969091271913, 0.07727969387132261, 0.0775375353379382, 0.07745775194079788, 0.07736286847265782, 0.07749567959043714, 0.07793219134349513, 0.07714044243373253, 0.07729635240027198, 0.0774820876825187, 0.07763810741404692, 0.07722941188279678, 0.07741267877044501, 0.07716466173943547, 0.07721122919961258, 0.07737027161099293, 0.07742277167185589, 0.07712456095549795, 0.07724940405675658, 0.077454767934978, 0.0771938203178622, 0.07741734793547679, 0.0778269113006967, 0.07724681266204074, 0.07713316633469529, 0.077008306476529, 0.07697742267477292, 0.07745645615375704, 0.0779937610099161, 0.07800534197163803, 0.07738522848597279, 0.07729296244818855, 0.07781056578236598, 0.07707598472910898, 0.0772700870892516, 0.0776003429873122, 0.07728779678819356, 0.07734830671990359, 0.07776623386889696, 0.07723579076291234, 0.07729246078955906, 0.07738782080511251, 0.07793635552818025, 0.07733387445548066, 0.07759976431865383, 0.0776686637489884, 0.0774614714499977, 0.07805910765158909, 0.07738621829560509, 0.07758327860523154, 0.07748098596240635, 0.07818681544589776, 0.07803637462633628, 0.077318076989441, 0.07800273875257484, 0.07810607677394593, 0.07746525424429113, 0.07742275396982828, 0.07731572375115421], "train_metric": [9.05593576055461, 7.068978048962914, 6.188809633428451, 5.881320443600561, 5.699761122440529, 5.581997979341023, 5.477117589340139, 5.340591053244795, 5.272163924564109, 5.224051317661436, 5.169774361572847, 5.18814968057401, 5.1439643245247355, 5.149570483633009, 5.122289117586063, 5.10007823774964, 5.090566970471848, 5.099831217825512, 5.069029796421579, 5.0673674613400355, 5.072968680014045, 5.060044248302155, 5.0374913244051225, 5.028851895988743, 5.033186429065627, 5.034358881843107, 5.009639180370444, 5.007883826714562, 5.015191011629407, 4.994552659828988, 4.999974276202374, 4.98587293750149, 5.0003527125120035, 4.982757648043359, 4.981582642244678, 4.985993144750695, 4.990306131416212, 4.992047338605221, 4.966942542696799, 4.965440404726067, 4.958899983941599, 4.9656657498388315, 4.950657706433387, 4.95787748475249, 4.9656709213231265, 4.956700025698367, 4.957475945658379, 4.9552486095025134, 4.956531088469855, 4.9553370465907935, 4.95664411657957, 4.9559054493729695, 4.939995507511137, 4.943839573252327, 4.935046065509354, 4.946183089422086, 4.931070188076009, 4.945594726864148, 4.93460219759934, 4.940476601798048, 4.938198197518321, 4.930333652256164, 4.931429756530682, 4.939927451270825, 4.946127472065392, 4.936523916209989, 4.936994400439438, 4.9382300447323, 4.930289858719903, 4.920477193632323, 4.931108564122578, 4.9248989209042975, 4.92386907203993, 4.927382040242463, 4.9196032024419685, 4.926474641327638, 4.916209721834381, 4.923293461649679, 4.9293408687588345, 4.9268516561274645, 4.912020692826175, 4.937364553634253, 4.910596349232548, 4.934815031235341, 4.927808318673156, 4.91878959539159, 4.915386294512565, 4.9154968425615815, 4.91322662163091, 4.91906615257115, 4.91784921450268, 4.9143829413873386, 4.910034998097046, 4.920326617520626, 4.902822842030967, 4.919714389225698, 4.928012394406383, 4.9154135711188855, 4.907382553378864, 4.91214783573906],