{"epoch": 99, "train_loss": [0.09110009573636206, 0.07438223767671358, 0.06686712300098939, 0.062534109810072, 0.06100761663887961, 0.05976905625431613, 0.058965486761515355, 0.058463385854700116, 0.0588587208916715, 0.057788579657630894, 0.05727578901956851, 0.056926040606900666, 0.0566820050307928, 0.057283969308848166, 0.05689882480885608, 0.056328571154615203, 0.05610347949022089, 0.05547756801013129, 0.05568069568231315, 0.0558885359594475, 0.055647614930007576, 0.05637754806148302, 0.05514623172935474, 0.05491454034549874, 0.05637930740497641, 0.059441350676892296, 0.05816724593952427, 0.05729918127144105, 0.05716618368407491, 0.05642169030377862, 0.056156021824659466, 0.05798299056115515, 0.0587845950653127, 0.05758418179833752, 0.05850525395488447, 0.05617099664622236, 0.05616074555985608, 0.056228514505759615, 0.05843428844419611, 0.05682059615764563, 0.05641694610900855, 0.055998786991349386, 0.05559190901892759, 0.0567246688642574, 0.055607257496769556, 0.05638169335410729, 0.05662662937958062, 0.056617984658252095, 0.05645504221320152, 0.05618719168554895, 0.05736223131053214, 0.058650199688906626, 0.06328767345901525, 0.06227830187108915, 0.05989369236856098, 0.06063671434239111, 0.06181145401440711, 0.06607407094207553, 0.06143556043548611, 0.06067938873979131, 0.06033611132277535, 0.06370378376631555, 0.06290362389377112, 0.0642741714746447, 0.06575018314574912, 0.06672276979478704, 0.06128777716018968, 0.06097341870744136, 0.06078613861879972, 0.062181093056366835, 0.0649015759131321, 0.06911656127904438, 0.06572259113632722, 0.0642946404525715, 0.06385702061700374, 0.06746683292820921, 0.06533613578504976, 0.065728430934143, 0.06658631604519118, 0.06385474973586348, 0.06161237600117235, 0.05958022531229326, 0.06039778559981317, 0.06020225590411627, 0.06294726991827361, 0.059514215704515275, 0.06761735479645324, 0.06894827957240923, 0.06816793983582117, 0.06594980883838808, 0.06850917854209454, 0.06657392782312134, 0.06629772387144373, 0.06667190629140787, 0.06379056928051308, 0.06373282314763976, 0.06273221326267256, 0.06068454114639708, 0.06066535226195535, 0.061105017448300415], "valid_loss": [0.0778998621238794, 0.07224615850631212, 0.06545252977423585, 0.05995215785641202, 0.05955213754077178, 0.06350314167107461, 0.059219184013977216, 0.06061057571989263, 0.060175174125873976, 0.05665619307429115, 0.05743678876688715, 0.05672356419566739, 0.05734400261688784, 0.058579803417528296, 0.0556106944433871, 0.057877499050315404, 0.05854426449261649, 0.0549452683613824, 0.056635119279340514, 0.05531596538820708, 0.058440311515779164, 0.057302463390579116, 0.06251735182080655, 0.05420897733097132, 0.05730647402088766, 0.06187503186264479, 0.05788210505953414, 0.05720128650868559, 0.05652199704953701, 0.055629235471604185, 0.0571077527166102, 0.06355191991163817, 0.057784574676972594, 0.058937476764869136, 0.05774845897806862, 0.056197182528373135, 0.056251905255579535, 0.0594302451162669, 0.05743645306009089, 0.055816971454661704, 0.055816393991598504, 0.05929786647330819, 0.05557970437786482, 0.05556140398617425, 0.05667659485271211, 0.0568077254803539, 0.057924850892297104, 0.05620599650061889, 0.058387999482065266, 0.05493659971852523, 0.05827784191580177, 0.060683934588652816, 0.0623910109044155, 0.06438517204426616, 0.05796113965569893, 0.05956317990415358, 0.06272655208675848, 0.06525393172754029, 0.06239611323858272, 0.061103339183192724, 0.06113733702226181, 0.0633660549287162, 0.06916334594174617, 0.06426358875425565, 0.06841672948330124, 0.06389330282290547, 0.05950047088668525, 0.06067446108928995, 0.06029792356094873, 0.06536892618488714, 0.06401953813915996, 0.07197497937979036, 0.06390199844720047, 0.061448840672053355, 0.07399667935133669, 0.0669679036417793, 0.07100589448489206, 0.06609627895186403, 0.06491942406562022, 0.06147474020374993, 0.06179821159626018, 0.06013499736527487, 0.05991912013016684, 0.06175387138231641, 0.061838295095401, 0.06486200959007175, 0.06758359651689584, 0.06710246002915278, 0.06709776114607822, 0.06593025396066594, 0.06715413174360474, 0.06475363684699714, 0.07106435441040579, 0.06730181418057811, 0.06600600000836945, 0.06264969308166146, 0.06245039803961109, 0.06331215333731878, 0.05925613747252894, 0.06401490282288866], "train_metric": [5.377075810290278, 4.371628701885805, 3.8447042941963065, 3.549486007368972, 3.4441662553441708, 3.3656281478827954, 3.3063443560283243, 3.2505625881004256, 3.3112286777747193, 3.2402369221949217, 3.2205459670731154, 3.206884816355461, 3.1925296139338735, 3.2116301794132975, 3.1933231648863205, 3.164731644453202, 3.165920304398813, 3.1081461640368238, 3.126867930795737, 3.1483121478683054, 3.1272878459170874, 3.1827608062416695, 3.100685340397946, 3.0854077542984615, 3.151493058345668, 3.3571324435348506, 3.257819966800237, 3.2158814738967503, 3.210739810977029, 3.1851474379098446, 3.1696598108268383, 3.2517713309574794, 3.2973095124275433, 3.2304215205656095, 3.2870423442008496, 3.1466173606040977, 3.147813660572736, 3.1453228546362784, 3.3156731251259246, 3.177499624369005, 3.1558084442201664, 3.1373701961857683, 3.1164748337655372, 3.181342385678741, 3.1310209942921983, 3.1538282756851728, 3.1779073263075923, 3.188136470331601, 3.172108877315698, 3.167509719151143, 3.22150761475688, 3.2974433403724643, 3.609852734788895, 3.548364803449104, 3.3918070179166433, 3.427984406804971, 3.499850874656379, 3.7689470007649684, 3.4765021744802125, 3.413364383482098, 3.4094159242116073, 3.645198893449314, 3.5849156044929207, 3.6308711964033957, 3.731474588496296, 3.843435007913612, 3.477797384575029, 3.442341132485215, 3.4337036930253353, 3.5158811528207394, 3.7186689651816267, 3.965956572982234, 3.804761486477197, 3.6803530880717643, 3.657030312965787, 3.8547320750348213, 3.746448789520846, 3.7415831244719104, 3.837280555548144, 3.6618811854044973, 3.5086708718053528, 3.373432073289631, 3.42052529630608, 3.4050123271584134, 3.5706585673351774, 3.346964995542619, 3.8930317737087594, 3.981627444962501, 3.9142735545081986, 3.7592069836287862, 3.9564874434059414, 3.8314930914753402, 3.7625018943102884, 3.8297219837162713, 3.5981847067036044, 3.6196826923383396, 3.5477538023336788, 3.4231240078069307, 3.4286982155810346, 3.4737273046424804],