{"epoch": 9, "train_loss": [5.907389694330644, 4.986835414049577, 4.558249714423199, 4.257319374960296, 4.01388276961385, 3.7974410567964827, 3.590131565016143, 3.3893004728823293, 3.1881917885371616, 2.993018933704921], "valid_loss": [5.2551807676042825, 4.759988580431257, 4.510512828826904, 4.3667112077985495, 4.274644987923758, 4.223048823220389, 4.207475594111851, 4.204237120492118, 4.217681237629482, 4.28496105330331], "train_metric": [0.2008893380824042, 0.11976963803661113, 0.08645483028092282, 0.06729812656949823, 0.05440871507294324, 0.04521912239541813, 0.03805013229058713, 0.03236727944510324, 0.02779571729731046, 0.024158201708112444], "valid_metric": [0.14196311780954463, 0.1064524102636198, 0.08936784775473217, 0.08308363793680479, 0.08017341037251577, 0.08321207589712142, 0.08802766724530553, 0.09289980504547417, 0.10127825139966777, 0.11328500648438218], "bleu_score": 0.014466952612900385}