{"epoch": 39, "train_loss": [6.1349292433991724, 5.343756262136965, 5.0601829460689, 4.86327735745177, 4.696054434289738, 4.559240774232514, 4.433035828629318, 4.312111698851293, 4.195720074128132, 4.080838048944668, 3.9651057513392702, 3.851573880837888, 3.7363309312839896, 3.6262718864849637, 3.5163060378055184, 3.4066819548606873, 3.2972056707557367, 3.189983288852536, 3.0879515372976964, 2.9870493594481022, 2.891043645995004, 2.7975703465695285, 2.70938016930405, 2.6230892587681205, 2.5422522754085306, 2.4652973413467407, 2.389729856228342, 2.3167503099052276, 2.2519537624047725, 2.1885898879596164, 2.12973801396331, 2.075001377232221, 2.0195648670196533, 1.9705811787624747, 1.9217827247113597, 1.8772613929242503, 1.8343745585607023, 1.7927829653632885, 1.7548237582858728, 1.7182606373514449], "valid_loss": [5.608909904956818, 5.3747798204422, 5.222630143165588, 5.098295509815216, 5.069367289543152, 4.957944571971893, 4.956091642379761, 4.929322361946106, 4.940154850482941, 4.934045851230621, 4.977638363838196, 5.003920078277588, 5.020117282867432, 5.0381916761398315, 5.069225490093231, 5.0856674909591675, 5.15814596414566, 5.201685786247253, 5.2573360204696655, 5.3245022892951965, 5.403722286224365, 5.437789261341095, 5.501810133457184, 5.574904978275299, 5.655223906040192, 5.689646542072296, 5.744656205177307, 5.808366775512695, 5.876757860183716, 5.940603733062744, 5.981648743152618, 6.035533308982849, 6.082980632781982, 6.118826508522034, 6.164308309555054, 6.2088006138801575, 6.276455640792847, 6.256060063838959, 6.315150320529938, 6.337355375289917], "train_metric": [0.07758130488804409, 0.03868431645607462, 0.027511772952955597, 0.02098324609873246, 0.01666588242890862, 0.013552823224080239, 0.011215658891638931, 0.00938208133152553, 0.0079431868058808, 0.006785022301187321, 0.00584828718847158, 0.0050968147439683755, 0.004477978644857601, 0.003971044201753577, 0.0035607324291410188, 0.003194508445895448, 0.0028788998113359722, 0.0026153385894152584, 0.0023881810301177356, 0.0021828388757121806, 0.0020133534197904627, 0.001851913369626415, 0.001709690479161788, 0.0015790188869164914, 0.0014643221426983268, 0.0013567108103693748, 0.0012605598583999946, 0.0011660040320182333, 0.0010859454686301096, 0.0010067742459628046, 0.0009413027649509664, 0.0008763394349935104, 0.0008171656406169035, 0.0007661014993823305, 0.0007158285005299257, 0.0006716345742284035, 0.0006267113336251706, 0.0005862724409298021, 0.0005591130590512654, 0.0005270726826726174], "valid_metric": [0.04534970493879816, 0.0343042776941689, 0.028423923257588465, 0.02465082861709705, 0.02198539108937759, 0.02032352760323247, 0.019530744294759414, 0.018336177706514516, 0.01814642450634734, 0.017568297436066194, 0.017829394653561682, 0.017714773132632033, 0.017247314658220807, 0.017116691214928495, 0.017827059527620027, 0.018016107138884824, 0.01817054445128962, 0.018787100924713737, 0.01969231915313442, 0.0201615177213951, 0.02261925879306814, 0.02246370803078052, 0.024331964682341972, 0.025787895070256698, 0.028222047878205293, 0.029603801468891154, 0.028960654239299014, 0.03133381956306026, 0.03340828970933082, 0.037189930022585194, 0.04002786833693691, 0.04310606308374945, 0.041601915095287906, 0.04735986454030096, 0.0487341358630347, 0.049735517328728496, 0.05581488927869281, 0.05310860882783015, 0.05696830741884189, 0.057270809750818504], "bleu_score": 0.01987042691041881}