{"epoch": 39, "train_loss": [6.9954758176998215, 6.1860155256427065, 5.932629023279462, 5.733558752098862, 5.567896806463903, 5.426363421946156, 5.269905815319139, 5.145167764352292, 5.035939669122501, 4.935810816531279, 4.843198379691766, 4.757606460123646, 4.68051540851593, 4.607950672811391, 4.538173062460763, 4.4737687232543015, 4.410164358664532, 4.3487929446356635, 4.292023773096045, 4.231480530330113, 4.173477506151005, 4.117785905088697, 4.058595680460638, 4.002192277081159, 3.9501915744372775, 3.8975971742552153, 3.8440712130799586, 3.793524538984104, 3.744231017268434, 3.695555031299591, 3.646930316273047, 3.6056258435152015, 3.559896038503063, 3.5185783882530366, 3.4766301111299165, 3.4392979169378477, 3.4042167310812035, 3.3674693995592544, 3.3361144637574953, 3.3002944527840126], "valid_loss": [6.350305914878845, 6.038874983787537, 5.831468284130096, 5.673481047153473, 5.5664867758750916, 5.455734968185425, 5.339899897575378, 5.256933331489563, 5.186777114868164, 5.129586458206177, 5.069310307502747, 5.020352721214294, 4.957520425319672, 4.929865837097168, 4.9218710064888, 4.9029276967048645, 4.880872905254364, 4.890222489833832, 4.860222637653351, 4.845961272716522, 4.837647795677185, 4.860663890838623, 4.870597183704376, 4.874296128749847, 4.893934369087219, 4.879827439785004, 4.895567238330841, 4.93587327003479, 4.946730434894562, 4.956193029880524, 4.988589882850647, 5.085296332836151, 5.057274520397186, 5.051500141620636, 5.124419450759888, 5.16320925951004, 5.1716965436935425, 5.175567328929901, 5.243768870830536, 5.245019912719727], "train_metric": [0.12106276706234757, 0.06318553469029674, 0.05608011548723493, 0.05062117237947425, 0.045888417805542266, 0.041697491585867746, 0.03791129174680126, 0.03451882776377153, 0.03157066568802814, 0.02897781366776447, 0.026694599182751712, 0.02463704792256258, 0.022840059910988322, 0.02121139181083879, 0.01974875287345266, 0.01844982058778101, 0.017281333527570487, 0.01620887207342654, 0.01527727578064372, 0.014396916706318758, 0.013568969139566227, 0.012861283229905731, 0.01219830443246024, 0.011568360356391975, 0.011022048143659318, 0.010550266524334342, 0.010089963106427874, 0.009671811364621532, 0.00929169767885792, 0.008929151767030054, 0.008607675320858802, 0.008321924350939336, 0.00806546413032376, 0.007807758353259971, 0.0075549162371529805, 0.007348028788663903, 0.007153518776407047, 0.0069714578901018415, 0.0068064279112523916, 0.006637578001995476], "valid_metric": [0.06410245998569274, 0.054616749404507545, 0.049305680417280374, 0.04497623877948975, 0.04167478800863435, 0.038677080907891785, 0.036070920263626315, 0.03356999809185641, 0.031355872998243224, 0.03008392736378959, 0.02823026027028137, 0.026663022141855883, 0.02552129213208928, 0.024531091650781697, 0.02384559336585996, 0.023393010778504034, 0.022524488978404887, 0.02253216286686128, 0.021759777226303664, 0.021180525052968822, 0.020334077451884376, 0.02047538460698051, 0.02013302893913096, 0.01975121627034355, 0.020501094129179772, 0.02010376045379771, 0.019469321320982867, 0.02146445117119971, 0.02061312618841664, 0.021285280406187712, 0.022099269773633242, 0.02390588149029445, 0.02280302230578337, 0.02171992800082191, 0.024688794605415898, 0.027542670304751243, 0.02606796068366665, 0.025921450959841868, 0.02761544291607787, 0.029659069958192077], "bleu_score": 0.010328554105709395}