{"epoch": 99, "train_loss": [5.907389694330644, 4.986835414049577, 4.558249714423199, 4.257319374960296, 4.01388276961385, 3.7974410567964827, 3.590131565016143, 3.3893004728823293, 3.1881917885371616, 2.993018933704921, 2.7934668866955503, 2.595189982531022, 2.4022571541825117, 2.2140743477003917, 2.0336916890679575, 1.8564849787828874, 1.6898531262971916, 1.5346668095004803, 1.3847347753388541, 1.2445339086104412, 1.1173483714157222, 1.0006958720635395, 0.8941001825186671, 0.7951860695469136, 0.7040810338696655, 0.6259054140168794, 0.5538577695890349, 0.4882137588396364, 0.4314195087977818, 0.3780613056555086, 0.3335837140983465, 0.29278670464243206, 0.2622364013626867, 0.23456648273431524, 0.21116816982322809, 0.18924156971731965, 0.16700779677045588, 0.1500610304730279, 0.13826443779529357, 0.1316073659655391, 0.13475036221955503, 0.15753676206329648, 0.20932545421683058, 0.2376253462719674, 0.1824026909865895, 0.1088706835420156, 0.062150248915565254, 0.04035156969057054, 0.02972851267882756, 0.024653127112863014, 0.02169523876616541, 0.01930770449986567, 0.01719472604347583, 0.015685196904161453, 0.014420809704164157, 0.013165965500496785, 0.012185092602039174, 0.011917792792831148, 0.016550460678278183, 0.9229507384422634, 0.7130779797325328, 0.31175619356182155, 0.1303263652917682, 0.05885006187065524, 0.03308212547087852, 0.023866157104470292, 0.019653713159567238, 0.017094491553321784, 0.015005267386761854, 0.01334952785424432, 0.012000461650670183, 0.010828240289904026, 0.009943304003729505, 0.009021057725922033, 0.00818932494766326, 0.007493436778420392, 0.00687899301541323, 0.006447579162860555, 0.006023821095479842, 0.005711716590259148, 0.007133471734384645, 0.8318983247403854, 0.752412521109289, 0.3025858946600739, 0.12003932148218155, 0.052267191475447346, 0.0275674088173831, 0.018984404392540455, 0.015264107565376528, 0.013055820968382212, 0.011409029131755233, 0.010111932899346766, 0.009190685343833603, 0.008239084669407837, 0.007384405604430607, 0.006795720674800782, 0.00619383598677814, 0.005714472970088982, 0.005257852159307471, 0.004836743420740704], "valid_loss": [5.2551807676042825, 4.759988580431257, 4.510512828826904, 4.3667112077985495, 4.274644987923758, 4.223048823220389, 4.207475594111851, 4.204237120492118, 4.217681237629482, 4.28496105330331, 4.322274276188442, 4.440186500549316, 4.537473065512521, 4.691768782479422, 4.8192106655665805, 5.023945263453892, 5.143136160714286, 5.336376190185547, 5.460589613233294, 5.674248559134347, 5.844601494925363, 6.037768363952637, 6.195567744118827, 6.375947271074567, 6.534316948481968, 6.7277759824480325, 6.883179187774658, 7.062257494245257, 7.213794299534389, 7.385329859597342, 7.568685122898647, 7.688622883387974, 7.838353838239398, 7.999123913901193, 8.088508333478655, 8.222080298832484, 8.368768283299037, 8.47417402267456, 8.627151489257812, 8.68235274723598, 8.773076329912458, 8.85432311466762, 8.823102951049805, 8.86239242553711, 8.948867525373187, 9.063470431736537, 9.263025283813477, 9.357554299490792, 9.497952325003487, 9.617009571620397, 9.690564291817802, 9.793085643223353, 9.877121380397252, 9.990880966186523, 10.055226598467145, 10.173719133649554, 10.238515172685895, 10.342716353280204, 10.352296011788505, 8.867826053074428, 8.657888753073555, 8.865165846688408, 9.070453916277204, 9.230271884373256, 9.42821775163923, 9.533234460013253, 9.634930610656738, 9.724806649344307, 9.786863463265556, 9.871550968715123, 9.968593188694545, 10.0265565599714, 10.117308071681432, 10.181818280901227, 10.27209758758545, 10.338878767830986, 10.421003477913994, 10.472549029758998, 10.570028168814522, 10.639840262276786, 10.665044375828334, 9.094641413007464, 8.891095433916364, 9.050409317016602, 9.307011604309082, 9.481808389936175, 9.648356573922294, 9.76921912602016, 9.860968589782715, 9.922962461199079, 10.006647654942103, 10.066091537475586, 10.154069083077568, 10.197648865836006, 10.253030368259974, 10.340757369995117, 10.397695813860212, 10.444278580801827, 10.517499923706055, 10.57145881652832], "train_metric": [0.2008893380824042, 0.11976963803661113, 0.08645483028092282, 0.06729812656949823, 0.05440871507294324, 0.04521912239541813, 0.03805013229058713, 0.03236727944510324, 0.02779571729731046, 0.024158201708112444, 0.021050666827766264, 0.018493915504922673, 0.016319132383496724, 0.014548162512735666, 0.012991191219539643, 0.011613542422859037, 0.010257428442507373, 0.009117945151723972, 0.008088511839965958, 0.0071018954663733995, 0.006309965522581526, 0.0054809027107394475, 0.004906467494199686, 0.004243118352625204, 0.003699998308298539, 0.0031971881020394495, 0.002806511358144332, 0.002469351663005595, 0.0021789993068150114, 0.0018657680815093371, 0.00165855653490339, 0.0014654779972435466, 0.0013177497435614969, 0.0011772964486721764, 0.0010750312181394927, 0.0009632188386333232, 0.0008690561917363381, 0.0007902706361564948, 0.0007499106779350712, 0.0007039519749855508, 0.0007074595021228401, 0.0007838477050041665, 0.0009242552953836869, 0.00103525132724217, 0.0008985830786763405, 0.0006028604164134506, 0.00040261495541296844, 0.000278063622421991, 0.00021040843914966193, 0.00017489438992057346, 0.00015252469809687866, 0.0001336721714480667, 0.000119313601377059, 0.00010803693241002608, 9.794091770376048e-05, 9.039090869337853e-05, 8.50831162152569e-05, 8.390462122451804e-05, 9.755782714987854e-05, 0.006433431242436779, 0.005603210499857978, 0.0025823341899015467, 0.00135332856606464, 0.0007607914320770353, 0.0004946808989331613, 0.0003923675163911313, 0.0003366111959729876, 0.00030562077482051904, 0.000274632037221169, 0.000256745098464343, 0.00023915418483773056, 0.0002245675856361584, 0.0002116074428611899, 0.00020196077215428254, 0.00018930680441695528, 0.00018105758820261274, 0.0001725941355617679, 0.0001631914004014463, 0.00015607105165111774, 0.00015125543081030555, 0.000173274919290751, 0.01163690953113261, 0.01502037494121794, 0.007706879937308175, 0.004089899517759985, 0.0024019369292881624, 0.0016048258676334304, 0.0012707612948514976, 0.0011418819929743757, 0.0010541745615264377, 0.0010002735256662175, 0.0009585897678798546, 0.0009136354336596526, 0.0008734251416561291, 0.0008396083296561727, 0.0008151480170658657, 0.0007860088143056752, 0.0007622483905369876, 0.0007373472342324172, 0.0007078816574585248],