{"epoch": 99, "train_loss": [0.1702145192472414, 0.12970047542589835, 0.12774159806384439, 0.12552306582701617, 0.12037717413970794, 0.11439931942899337, 0.11047646227753026, 0.10767248561926956, 0.10530642250916739, 0.10320079467933753, 0.10118355861083529, 0.09933895418613121, 0.09767899045656467, 0.09635490189766747, 0.09515151156690614, 0.09412164699243403, 0.09337690335580673, 0.09250806209941705, 0.09201529735549428, 0.09148702445043914, 0.09090780533165083, 0.09070068826877523, 0.09019993303407883, 0.08998492509983051, 0.08955060161821458, 0.08920249644795368, 0.08917863859698691, 0.0889464180231437, 0.08880336304334388, 0.08854021358935313, 0.08834339485600076, 0.08817772948365102, 0.08802917417695467, 0.08791500830958629, 0.08777833667894204, 0.08753276781189716, 0.08740527499681232, 0.08707204028621487, 0.08700769927738042, 0.08681369827653485, 0.0869234583886533, 0.08657015911464033, 0.08628648376070905, 0.08628937148157208, 0.08632574506617825, 0.08600332408115782, 0.08587332750702727, 0.08570285927204566, 0.0856600314935391, 0.0855202478538642, 0.08542392253019344, 0.0852352134112654, 0.08729393262116389, 0.08489414321622629, 0.08487369152235574, 0.0847414575260261, 0.08452840819526677, 0.08454616761755669, 0.08450365935762723, 0.08431820644215605, 0.08422638047700641, 0.08417986879317925, 0.08422218899017778, 0.08379064519600622, 0.08380601730668681, 0.08368283983362818, 0.08364372516329262, 0.08354972330746295, 0.08347210919634364, 0.08333836202563226, 0.08321669804810107, 0.08316078311067888, 0.08298862522104006, 0.08295687455041655, 0.08287893477613213, 0.08273055218160152, 0.08264091069242735, 0.0826332863719984, 0.08290433065815904, 0.08242136678904638, 0.08232257949809234, 0.08237141554896858, 0.08229827048021486, 0.08213155483291752, 0.08210340656083205, 0.0820131977570468, 0.08189984241864462, 0.08185043507095041, 0.08179888071428085, 0.08162027158528223, 0.08166816211894326, 0.08152650022643736, 0.0815223702711278, 0.08128587156534195, 0.0813644268689142, 0.0812158615210618, 0.08117870264954266, 0.08102523115859635, 0.08113762712769809, 0.08096457503992936], "valid_loss": [0.1300519909709692, 0.12854026878873506, 0.12855024076998234, 0.12425110364953677, 0.11749900442858537, 0.11381213180720806, 0.11077864406009515, 0.10866532164315383, 0.10558894649147987, 0.10493615145484607, 0.10283856652677059, 0.10159207507967949, 0.09996984402338664, 0.09835726395249367, 0.0978893010566632, 0.09765152571101983, 0.09642524148027103, 0.09654394164681435, 0.09629481968780358, 0.0960310772061348, 0.0957644023001194, 0.09584484870235126, 0.09558085848887761, 0.09525132738053799, 0.0950551809122165, 0.09445840679109097, 0.09481095895171165, 0.09540974038342635, 0.09490581043064594, 0.09471739704410236, 0.09472856173912685, 0.09520343629022439, 0.0947577270368735, 0.09522720923026402, 0.09457807056605816, 0.09465062245726585, 0.09413147283097108, 0.0950171301762263, 0.09468375891447067, 0.09439300186932087, 0.09470247104763985, 0.09489636185268562, 0.09424142787853877, 0.09399840608239174, 0.09416836313903332, 0.09478425855437915, 0.09423544568320115, 0.09430443495512009, 0.09399530912439029, 0.09419084154069424, 0.09438423005243142, 0.09433781107266744, 0.09426933340728283, 0.09408800800641377, 0.09392322165270646, 0.0940279383212328, 0.09418197659154733, 0.09444500505924225, 0.09406683593988419, 0.09452755749225616, 0.09412850253283978, 0.09479460927347343, 0.09436813493569692, 0.09466163006921609, 0.09452976410587628, 0.09440915286540985, 0.09460161005457242, 0.09484403890868028, 0.09471167934437592, 0.09461844402054946, 0.09462536064287026, 0.09481507043043773, 0.09531046946843465, 0.09507603446642558, 0.0952148890743653, 0.09484509440759818, 0.0949373934417963, 0.09518163837492466, 0.09557121309141318, 0.09518012404441833, 0.09550308560331662, 0.09507708561917146, 0.09561625930170219, 0.09561124630272388, 0.09535966937740643, 0.09585788535575072, 0.09562290149430434, 0.09600976047416528, 0.0956024806946516, 0.09611051405469577, 0.09589520779748757, 0.09617105623086293, 0.09646610170602798, 0.09611596787969272, 0.09651839422682922, 0.09624665230512619, 0.09608930721879005, 0.09610126974682014, 0.09626505461831887, 0.09663805613915126], "train_metric": [9.811905080292592, 8.59471336037933, 8.408201945736128, 8.259053948509665, 7.7946681102938635, 7.289921513638131, 7.058013678552934, 6.84196128128802, 6.674288609430845, 6.4523290958955934, 6.290820475745538, 6.137952559455635, 6.022005563749244, 5.895038241700146, 5.85241697367346, 5.767470069816027, 5.6927095708225215, 5.657032297089724, 5.611469987626568, 5.584224832135933, 5.505286320374218, 5.494658251003918, 5.449960622890107, 5.45985346913061, 5.43932519781109, 5.414021909978979, 5.419839174391776, 5.380815169911365, 5.382826575500398, 5.375884232175931, 5.322947196050847, 5.324075011820652, 5.329599372041102, 5.320788879136945, 5.310417628484478, 5.286931788325184, 5.308932238979464, 5.263615993991586, 5.232386401293775, 5.238481753434429, 5.2651549470301395, 5.218075748434749, 5.212789882861957, 5.214277856283033, 5.221822892394491, 5.226398955017334, 5.184080079226183, 5.192644469822024, 5.186427237741503, 5.197083991799935, 5.179342524666755, 5.170583072556904, 5.320550674274265, 5.153832428564526, 5.165236629044162, 5.138758020024683, 5.129832147621208, 5.139662188199734, 5.139675239390727, 5.1121221511367505, 5.119379530176379, 5.116997312508346, 5.133089090907943, 5.096597810364091, 5.109107470909838, 5.087684357661843, 5.090803370543184, 5.114234242114268, 5.096327441381136, 5.098134115089921, 5.073752256555632, 5.087289845196349, 5.066974892246997, 5.077435271904473, 5.078990156677207, 5.055953164874413, 5.053585327785965, 5.044382667259769, 5.08067750981096, 5.032398999051772, 5.048129751652598, 5.050189530404214, 5.0095653682852825, 5.05114462828933, 5.014430197614939, 5.027631118494289, 5.02725290442147, 5.040626787490345, 5.036871330324018, 5.010241325557119, 5.026742358830539, 5.020823185090199, 5.023898770070121, 4.9878140453749955, 5.016177983393672, 5.004300908565421, 4.997681115644093, 4.992354080480321, 5.018187300920939, 4.986708905682279],