{"epoch": 99, "train_loss": [0.12797809076621544, 0.1044077982548543, 0.1018511768772092, 0.10057230352314278, 0.09979445565345506, 0.09906843542141686, 0.09844979829272849, 0.09783941120169569, 0.09733329999655095, 0.09679488265097923, 0.09644069828450941, 0.09597235033085252, 0.09557778430557667, 0.09516932324030514, 0.09461903991787715, 0.0942276867196029, 0.09387460734906676, 0.0936376003133678, 0.09308301091324293, 0.09281745507467262, 0.09245678753181316, 0.09198958394178657, 0.09173229219611555, 0.09153518633811235, 0.09113494830620862, 0.0907496813863646, 0.09080313468213685, 0.09027598947937311, 0.09018688938503182, 0.08973347509531995, 0.08955088485536616, 0.08931361747230505, 0.08900920438323999, 0.08880464911591017, 0.08868819221398716, 0.08856186208896762, 0.08844508354320277, 0.08804802469681444, 0.08779762102917292, 0.08781011383085792, 0.0876096693644357, 0.08735624785376428, 0.08743120446866257, 0.08715581044749922, 0.0869490231944484, 0.08685882168305493, 0.08687360653059972, 0.08689288280936829, 0.08640611962329872, 0.0863895261717155, 0.08623459941695351, 0.08613128677075607, 0.08628275990486145, 0.08595257044228924, 0.08582690345147811, 0.08568261659757019, 0.08573625558848985, 0.08537258703961123, 0.08547228685372782, 0.08530560152109012, 0.08518321255799464, 0.08533683448509358, 0.08516280382351063, 0.08503438002027279, 0.08522133976546438, 0.08488935755980588, 0.08486477353947652, 0.08505203594417031, 0.08500716168287019, 0.08455357206049965, 0.084559119749798, 0.0847453748945586, 0.08468165922112861, 0.08470183339246495, 0.084597970102812, 0.08442326547277026, 0.08447853182991519, 0.0839507689772735, 0.08446755256975583, 0.08405303637859082, 0.08384807726701794, 0.08441647324369464, 0.08424573977311105, 0.08406739813727063, 0.08396665049171864, 0.08399053339289266, 0.08390072629050917, 0.08409483841412974, 0.08377783228216212, 0.08367592584358031, 0.08355404978300807, 0.08389515742073933, 0.08397268910595423, 0.0835799442108021, 0.08378765758078172, 0.08385666410995883, 0.08374560495846657, 0.08368540984704505, 0.08376305634928582, 0.08350035593759544], "valid_loss": [0.1064973751965322, 0.10290151148250229, 0.1010331011524326, 0.10076402804177058, 0.10073420219123363, 0.0997576785126799, 0.09977474298916365, 0.09943348257557343, 0.0994832755899743, 0.0989440869736044, 0.098988264897152, 0.09948746467891492, 0.09908338204810493, 0.09892645017489006, 0.09903971311685286, 0.09905487142111126, 0.09953479919778674, 0.0991741081601695, 0.09916558920552856, 0.0994276529864261, 0.09910266591530097, 0.09894294948562195, 0.10016219641425107, 0.09943237685059246, 0.09971347862952634, 0.09998208107916932, 0.10112642261542772, 0.10052119666024258, 0.10017847622695722, 0.10051699345441241, 0.10057519817430723, 0.10084854987891097, 0.10096443277832709, 0.10120249814108799, 0.10152035461444604, 0.10142420546004646, 0.10167758362857919, 0.1020709683040255, 0.10155510304397658, 0.1022130540130954, 0.10212397849873493, 0.10270772041066696, 0.10225599788521465, 0.10336280339642574, 0.10277992143834892, 0.10319500504747818, 0.10259855391555711, 0.10404583488247897, 0.10338987998272244, 0.10345892225833316, 0.10303782887364689, 0.10340685936573304, 0.10374241136014462, 0.10413562702505212, 0.10375075669665086, 0.10434466531794322, 0.10413090541566673, 0.10501037283163321, 0.10438027732858532, 0.10472256474589046, 0.10585293252217143, 0.10420742091771804, 0.10437001925157874, 0.10573013420951993, 0.10474849894250694, 0.10469478604040648, 0.10462508781960136, 0.10541461270890738, 0.10434519499540329, 0.10568354357230036, 0.10507517670722384, 0.10496429785301811, 0.10552438593616612, 0.10622574732099709, 0.10519413042225335, 0.10554079878094949, 0.10570233462280348, 0.10575689728322782, 0.10565189870172426, 0.1056592736981417, 0.10608950365138681, 0.10525774240101639, 0.10552926479201567, 0.10535896922412671, 0.10563047475328571, 0.10650518222859032, 0.10566723474154346, 0.10583950304671337, 0.10650013769535642, 0.10567874863351646, 0.10577710463028205, 0.10576446324979004, 0.10524693925521876, 0.10623171053042538, 0.10620834119617939, 0.10557949739067178, 0.10578995717591361, 0.10623268106658208, 0.10597126195697408, 0.106409577652812], "train_metric": [7.1838850458796655, 6.001006104630422, 5.809468381586439, 5.7252420000342354, 5.6714816552090666, 5.617747186718923, 5.581864315835905, 5.54895299017245, 5.507726929187424, 5.4797763950889005, 5.454069805384068, 5.428953410424089, 5.407545538955803, 5.380096509716862, 5.3413704346620134, 5.336110785812038, 5.293702842947274, 5.28513166545891, 5.256267778545789, 5.245915394781756, 5.221328497108575, 5.187763875460376, 5.179939058185554, 5.15138261879047, 5.140542686486002, 5.118170960870648, 5.112055560067189, 5.077992026699469, 5.080164916807886, 5.048680803178424, 5.039526626557696, 5.027831209199315, 5.004086791547167, 4.9994242251367105, 4.989233350451766, 4.984115989978367, 4.973284165240085, 4.948455514990716, 4.933261884261449, 4.932898938489041, 4.922332667026135, 4.905930096981258, 4.9126953133990305, 4.8902679985025035, 4.888491734083138, 4.87596003326897, 4.889104321983114, 4.880521948760029, 4.860574453423838, 4.8554925023763165, 4.8414900534316985, 4.8346639912159, 4.84198146948742, 4.829581141138238, 4.816594681098546, 4.815375850765707, 4.810178197348551, 4.790916196199699, 4.801887719545857, 4.790539627873085, 4.773352587727001, 4.792479285401577, 4.776738359960089, 4.7780270404397065, 4.782497610535216, 4.764851725071621, 4.769202672464188, 4.77672582186099, 4.77110427011357, 4.750705852724874, 4.742857262283665, 4.755233142070065, 4.766732287663285, 4.752223413916641, 4.754399029210172, 4.732302482673531, 4.753138134942734, 4.701287072227075, 4.743703327187384, 4.717064510653938, 4.701575364784176, 4.742781778027372, 4.733443937977313, 4.71488798509239, 4.718571473404135, 4.717269200150684, 4.696190742878135, 4.718315305441535, 4.697588339735507, 4.693695446513928, 4.685670334875961, 4.697612841678203, 4.713518493602897, 4.684170685174065, 4.704209043238999, 4.69948604907953, 4.701412884190641, 4.700827916182269, 4.693361613023156, 4.687416643611039],