{"epoch": 49, "train_loss": [5.9039342257441305, 4.996181840799292, 4.76692562930438, 4.607378392803426, 4.475012803564266, 4.360683343848404, 4.253763337524569, 4.1621623002752965, 4.079169724668775, 3.9977579566897177, 3.9220380770916843, 3.855438076719946, 3.7844122563089644, 3.7202184115137373, 3.654040106705257, 3.590842681271689, 3.5260028863439756, 3.4657208943853575, 3.4013058713504245, 3.3391238901079916, 3.2784890009432424, 3.213751656668527, 3.150988851274763, 3.08868877498471, 3.0249825825496597, 2.960212990945699, 2.8980584837952437, 2.83437372835315, 2.772746594584718, 2.7121759336821887, 2.648314746058717, 2.592813306925248, 2.5342577987787673, 2.4798376681853314, 2.427673858039233, 2.377603159875286, 2.325241889272417, 2.275960677740525, 2.231821041934344, 2.186656212320133, 2.145177895925483, 2.1041168083949966, 2.062301385159395, 2.027979308853344, 1.9950310624375636, 1.9606896273943843, 1.9294113972965552, 1.8996102597032274, 1.8713845318677473, 1.8415121764552838], "valid_loss": [5.19508159160614, 4.926405429840088, 4.762121498584747, 4.6458189487457275, 4.5455180406570435, 4.468637526035309, 4.4038257002830505, 4.376897871494293, 4.318365395069122, 4.276558876037598, 4.250456094741821, 4.231172621250153, 4.1964991092681885, 4.1942726373672485, 4.180189907550812, 4.199682533740997, 4.2047072649002075, 4.186125993728638, 4.180212318897247, 4.210798501968384, 4.1980410516262054, 4.213949978351593, 4.299123227596283, 4.269100785255432, 4.282743036746979, 4.317761540412903, 4.355474591255188, 4.416388273239136, 4.448291122913361, 4.458496332168579, 4.5624741315841675, 4.557655870914459, 4.602820932865143, 4.681286573410034, 4.715220212936401, 4.754204273223877, 4.8180519342422485, 4.928649067878723, 4.913377285003662, 4.950030148029327, 4.988018214702606, 5.052930653095245, 5.081341028213501, 5.134654223918915, 5.201516151428223, 5.225755095481873, 5.241717636585236, 5.258687078952789, 5.346803963184357, 5.345644414424896], "train_metric": [0.08514089716697226, 0.0450071405527543, 0.038064681514817844, 0.03361188041774001, 0.030085828658123405, 0.027222833787567763, 0.024737978397291534, 0.022589678674814654, 0.02072444380156848, 0.019037188593027544, 0.017539875539662887, 0.01624818924884407, 0.015047695932193678, 0.013961558054709921, 0.012977627331480689, 0.012080789397881956, 0.011246058840070452, 0.010491590560601682, 0.009816818343182, 0.00915278065117038, 0.008568429819223832, 0.008008564921787807, 0.007513490038501973, 0.007029095515037069, 0.00659024145632374, 0.006190098697895907, 0.005818326998037267, 0.0054718786325260085, 0.005149986608077068, 0.004854856284005301, 0.0045876292699697065, 0.004350096866062709, 0.004104510023155991, 0.003899218328047772, 0.0037094766250921757, 0.0035209289714268274, 0.0033409808743362474, 0.003178457558221257, 0.003027146095742985, 0.0028944047713766294, 0.0027588088144574847, 0.002628589102297413, 0.0025200144333742103, 0.0024058331143126197, 0.0023179812606500118, 0.0022225310489109584, 0.0021301505332090415, 0.0020569830730983187, 0.0019779144178118024, 0.001901449602672032], "valid_metric": [0.04947218034228349, 0.04089254274998754, 0.03657839356207268, 0.03360675463069588, 0.031217901825498346, 0.029538239636524532, 0.027787547289322027, 0.026617558531445935, 0.025479490032370183, 0.02469275317927973, 0.024225733359121485, 0.023258328230621503, 0.022696885274799596, 0.02233850380307232, 0.022092155764538546, 0.022084832771057054, 0.021317787325666783, 0.02139828175998025, 0.020836057905290088, 0.020635665366521384, 0.020573913805844852, 0.02113056906692896, 0.021558588842212165, 0.021062998362020774, 0.021635342389099303, 0.021570051648726676, 0.022122520184099916, 0.0239373507220128, 0.023248176377489153, 0.0238426110306768, 0.025166024806121567, 0.02733607721753593, 0.027898874095060318, 0.029257091286814182, 0.030048836634741564, 0.030556700193190938, 0.032436939340628565, 0.03784402468170143, 0.03772942229684149, 0.03882500947787153, 0.0418304849544278, 0.04383032541439722, 0.04682784142922731, 0.04844916791310602, 0.05089891622751253, 0.05238109584846534, 0.05221803980080316, 0.05227483267464689, 0.06043002919885352, 0.058573540119090994], "bleu_score": 0.03375070067159182}