{"epoch": 39, "train_loss": [6.142377622273504, 5.3589377670871965, 5.081903820135156, 4.8655164412089755, 4.692364935972253, 4.546451279095241, 4.417638939254138, 4.306647415063819, 4.2057834109481504, 4.109625339508057, 4.018520785837757, 3.9355396944649366, 3.8548124931296526, 3.774320843268414, 3.6966263372070935, 3.6237664271374137, 3.549502040658678, 3.4810516931572737, 3.40373333254639, 3.333524359732258, 3.2641338499224917, 3.1907296922742105, 3.121045093147122, 3.0464014715077927, 2.9778102113276113, 2.905379424289781, 2.834690692473431, 2.7655936722852745, 2.697238405140079, 2.635663081188591, 2.569625909231147, 2.5087310513671564, 2.447046851625248, 2.391769308216718, 2.333821279661996, 2.282137099577456, 2.2293310372196897, 2.182029897461132, 2.134149440697261, 2.088450642264619], "valid_loss": [5.513807909829276, 5.207750184195382, 4.991768836975098, 4.832733699253628, 4.730492183140346, 4.611704417637417, 4.528336661202567, 4.47511237008231, 4.402625969478062, 4.364637511117118, 4.334901128496442, 4.301531110491071, 4.291599614279611, 4.262104170663016, 4.236436230795724, 4.243598801749093, 4.260692323957171, 4.247756617409842, 4.271793842315674, 4.266568286078317, 4.299221106937954, 4.276812791824341, 4.341943945203509, 4.358579431261335, 4.3713981083461215, 4.428324018205915, 4.462593214852469, 4.480236530303955, 4.565842764718192, 4.598035471779959, 4.641163008553641, 4.717202322823661, 4.735597133636475, 4.790746348244803, 4.867481367928641, 4.946239539555141, 4.960552079336984, 5.00297212600708, 5.048267228262765, 5.105946472712925], "train_metric": [0.08113433411267339, 0.04643964872399155, 0.0388947490956832, 0.03321620715082908, 0.028708795072594467, 0.025055423323956407, 0.022007051787084463, 0.019478126587998273, 0.017361188407430842, 0.015511344573570306, 0.013939614971475405, 0.012543361906713369, 0.011377955497181628, 0.010295005013001299, 0.0093592592372056, 0.008536020721124143, 0.007797549819495329, 0.00712842786516462, 0.006528621524110132, 0.006008904267467381, 0.005521213230989417, 0.005083734918478381, 0.004681688403693997, 0.004321434672608667, 0.003999968460936866, 0.0036994742156048212, 0.0034176855523245673, 0.0031855114170813415, 0.002965086742712527, 0.0027597030298753653, 0.0025789176754075654, 0.0024135111224894623, 0.002256848135062539, 0.002119716991968478, 0.0019873190902812013, 0.0018761255976618553, 0.0017634809887165925, 0.0016663756907716089, 0.001573049407869543, 0.0014831258871572145], "valid_metric": [0.05162107815175268, 0.043497257053819204, 0.03819804639583082, 0.03400979179695131, 0.03080316807641157, 0.02811649446650493, 0.02609473332080536, 0.02442121409300299, 0.022655972752375603, 0.021661701963368224, 0.020949167503024488, 0.019743158572253595, 0.019325520409711867, 0.01859576615762965, 0.018193290347144717, 0.017912675668527413, 0.017682647985622142, 0.01772596345576409, 0.017052291530658927, 0.016851791105500082, 0.017052669914401308, 0.017058382491939184, 0.017486866310822392, 0.018139174283043954, 0.018053675513207024, 0.018619083748908798, 0.01926766995407023, 0.019899883785763302, 0.021547233166337824, 0.021791006278676087, 0.022649990501901775, 0.02290392018434076, 0.02693504470962662, 0.02797491424639099, 0.02994008142296324, 0.033610186302436146, 0.033869102128750044, 0.0374526072784609, 0.041188982966893474, 0.040729210249179644], "bleu_score": 0.03780354782539254}