{"epoch": 99, "train_loss": [5.821556823594229, 5.08167412086409, 4.8166065872931965, 4.62632975286367, 4.466799159439242, 4.330284848505137, 4.208448212973925, 4.092119272874326, 3.974666024957384, 3.866267220098145, 3.758323511298822, 3.6525557941319993, 3.5529084935480233, 3.446710214322927, 3.3449947907000173, 3.246082230490081, 3.1474538165695813, 3.0497755834034512, 2.9599274859136466, 2.862528153828212, 2.773102265231463, 2.6854164636864954, 2.6011864628110613, 2.521867266723088, 2.4432938463833866, 2.3720059382672214, 2.3008962151955585, 2.2356600238352407, 2.172344087337961, 2.1149549849179325, 2.0556096720452213, 2.004130276490231, 1.9551852199496056, 1.9072963637965066, 1.8624116389118894, 1.8186641007053608, 1.779024982938961, 1.7420139939201122, 1.7068949761439343, 1.6745328872787708, 1.640638796042423, 1.6102626281125205, 1.5850188440206099, 1.5572498197458229, 1.5312897228464788, 1.5066669224476328, 1.4850625341035881, 1.4641106457126385, 1.4432094249190117, 1.4235663018664535, 1.4065327492295479, 1.390294927115343, 1.3772200406814108, 1.362353008620593, 1.3502224878389009, 1.3354516412530626, 1.3253249647665997, 1.3157302378391733, 1.3051357062495486, 1.2958162232321135, 1.2897217589981702, 1.2803473679386839, 1.2736291404889555, 1.2678038338009192, 1.259149739328696, 1.2554987133765707, 1.2481426663544712, 1.2448685947729616, 1.2435280486029021, 1.239989129256229, 1.2351534500414012, 1.235276453349055, 1.2327354793645897, 1.2340361865199343, 1.2350870085005858, 1.2321288682976548, 1.2343006152279523, 1.2361226094012359, 1.2366219673837935, 1.2377740096072762, 1.23775549932402, 1.2414334884711675, 1.2448578367427903, 1.2467973177530327, 1.248447665146419, 1.2546407014739758, 1.2595872532348245, 1.2632331908965597, 1.2659713522512086, 1.2696769924796358, 1.2769686591868499, 1.2804944898400987, 1.2848064321644452, 1.2914080285296148, 1.2962382216842807, 1.3030860983595556, 1.3062488625244217, 1.3134418367123117, 1.321103854446995, 1.3245385495983824], "valid_loss": [5.251754420144217, 4.9814543042864114, 4.84974479675293, 4.731453895568848, 4.691510745457241, 4.6153983388628275, 4.591349806104388, 4.556990759713309, 4.552563054221017, 4.537348542894636, 4.545446055276053, 4.556358064923968, 4.577041149139404, 4.6022564343043735, 4.632649285452707, 4.673671858651297, 4.698340688432966, 4.74169785635812, 4.806181635175433, 4.862175941467285, 4.8963814462934225, 4.970899718148368, 5.022096565791538, 5.092101505824497, 5.1370391845703125, 5.210659776415143, 5.2602356501988, 5.31860876083374, 5.381637641361782, 5.4461847714015414, 5.511670861925397, 5.5287178584507535, 5.594624246869769, 5.61087567465646, 5.649209908076695, 5.716318879808698, 5.7672431128365655, 5.772945199693952, 5.8483573368617465, 5.833240236554827, 5.897747448512486, 5.926071848188128, 5.958687850407192, 5.959355558667864, 5.979700974055699, 5.983181817190988, 6.016971451895578, 6.053131852831159, 6.082948820931571, 6.069587366921561, 6.104843207768032, 6.104341643197196, 6.108162198747907, 6.093157155173166, 6.152816295623779, 6.1410707746233255, 6.145420687539237, 6.143418516431536, 6.150862557547433, 6.142558029719761, 6.164047173091343, 6.1468186378479, 6.188203130449567, 6.156598023005894, 6.147880349840436, 6.151281016213553, 6.175638539450509, 6.151968274797712, 6.127790655408587, 6.1713120596749445, 6.1605231421334405, 6.160336426326206, 6.141787665230887, 6.150133882250104, 6.143094880240304, 6.117196696145194, 6.174143246241978, 6.1369797842843195, 6.1002567155020575, 6.108423437391009, 6.117457526070731, 6.091198308127267, 6.120357854025705, 6.0772613797869, 6.081383092062814, 6.059530394417899, 6.065832546779087, 6.054529735020229, 6.065973213740757, 6.030419213431222, 6.042901788439069, 6.026363577161517, 6.035252094268799, 5.988461903163365, 6.018329892839704, 6.012061255318778, 5.986895288739886, 5.996074948992048, 5.959557941981724, 5.955767563411167], "train_metric": [0.06953428242384077, 0.038295247279575895, 0.029305551679961534, 0.023390398777553015, 0.019111731663918007, 0.0158978989793169, 0.013357283784516004, 0.011347286991975746, 0.009731853904238173, 0.008406662985354054, 0.0073155006688954876, 0.006445550752680708, 0.005702946295446279, 0.005087516268563993, 0.0045625290820063375, 0.004131474581684436, 0.0037379677168537582, 0.0034051180685477217, 0.0031271906350583446, 0.0028610775416839573, 0.002649637353382628, 0.0024444167702580497, 0.002253202865131795, 0.0020920988003035445, 0.001952315724431252, 0.0018143625660331881, 0.0016885431943620955, 0.001576848341107651, 0.0014712377330235072, 0.0013790110400899581, 0.0012895028641759132, 0.0012104861506637263, 0.0011367916671126527, 0.0010667154765657497, 0.001007871957895707, 0.0009415229303543496, 0.00088924558629795, 0.0008424924114772251, 0.0007923018848197545, 0.0007491285696808172, 0.0007150312338671253, 0.0006780741632944349, 0.0006449720449836887, 0.0006090330426546993, 0.0005823166378226518, 0.0005577132398377291, 0.0005363771097027525, 0.0005112978567017657, 0.0004921500998127217, 0.00046790370350234897, 0.0004508700753231438, 0.0004374209761774571, 0.0004213754314305831, 0.0004101858619499901, 0.0003992969519264844, 0.00038404722457029383, 0.0003701736901730907, 0.0003619979680314356, 0.0003538792713982216, 0.00034608751265605673, 0.00033861870478610605, 0.0003327433080302905, 0.00032661890623520833, 0.00032166244210029134, 0.0003150499581382423, 0.00031150590582852786, 0.0003038976645469666, 0.00030019221763221587, 0.00029923991697939484, 0.00029785214930164573, 0.0002933533988870098, 0.00029154559670662393, 0.0002920009116724299, 0.00028662530349225416, 0.0002883172699443574, 0.0002855872940044014, 0.00028320202394407624, 0.00028377104740520627, 0.00028493618364675726, 0.0002860276667055489, 0.0002865867037455753, 0.000287737916051125, 0.00028779269257370307, 0.000288943294748968, 0.0002919380247789172, 0.00029449593587797514, 0.00029538898380435243, 0.0002948864250766988, 0.0002992104231086008, 0.00030070465078159257, 0.0003068808430068347, 0.00030828279399501205, 0.0003088153727443851, 0.0003130015206424085, 0.000316828650649713, 0.0003215738865132418, 0.0003236815295900617, 0.0003281229390903395, 0.0003352902375921911, 0.0003367098991238341],