{"epoch": 99, "train_loss": [0.09914386226289275, 0.07829974005253794, 0.07531413908154161, 0.0737541855101606, 0.07250669936806138, 0.07084311229860436, 0.06992967820555127, 0.0693283627742253, 0.06896832202181143, 0.06863365371224642, 0.06835651613900624, 0.06808024140820393, 0.06791765688077062, 0.06770732344007982, 0.06766879135218232, 0.06743174151370528, 0.06731551479805635, 0.06718113318005531, 0.0670758958485808, 0.06703784943022796, 0.06697897029423787, 0.06687369058151503, 0.06684920464361856, 0.06673616041930822, 0.06676372294550982, 0.06652569591166085, 0.06648146714517335, 0.06646466781379172, 0.06649609512286418, 0.06649989011057567, 0.06637277774879469, 0.06625847343532697, 0.06654878265334893, 0.06622252540755166, 0.0662214455596685, 0.06636443151333497, 0.06614098707068289, 0.06618879022042727, 0.06613437196596816, 0.06615802348801451, 0.06602762281200138, 0.06597764313286547, 0.06595979751581921, 0.06600188351062647, 0.0659414022769949, 0.06587850250063326, 0.06594978096971417, 0.06587756909745729, 0.0658687318649721, 0.06576948829548922, 0.06580786353567278, 0.06581221637649964, 0.06574779326785866, 0.0658046853943513, 0.06580589279942846, 0.06572683093853227, 0.06566798264364744, 0.06569351880681232, 0.06575935199429346, 0.06564185321221742, 0.06564046832340656, 0.06559155991354366, 0.06578591682691967, 0.06578091504064423, 0.0675566669819437, 0.06574844832336615, 0.06556227732743616, 0.06557322231715125, 0.06560504782855064, 0.06554801563454266, 0.06580959308001236, 0.06575650356909092, 0.06554623452747409, 0.06560347254437818, 0.06547127104384978, 0.06544974657574563, 0.06549951266570228, 0.06545464116339286, 0.0657980720739632, 0.065466841548011, 0.06554266039435078, 0.06555358002525712, 0.0654099390895447, 0.06541089496649365, 0.0653847288722816, 0.0656222330037179, 0.06542458058112681, 0.0653196604111301, 0.06814456982853806, 0.06634625536844989, 0.06549096867293994, 0.06554616265778455, 0.06542776067798285, 0.0653290226648779, 0.0653187728637521, 0.06539284406810261, 0.06532231809673382, 0.06530734693274542, 0.06528523402662542, 0.06540606619311785], "valid_loss": [0.08382865498689088, 0.07849617929414215, 0.07644276721920404, 0.07533423744396052, 0.0741025706320399, 0.072555706758673, 0.07217963087852254, 0.07165184639149694, 0.07118339352121558, 0.07131373169220458, 0.07055811711229534, 0.07041249936916913, 0.07084369556884272, 0.0706019001575469, 0.07048650350506333, 0.07021660622529159, 0.07004833312921527, 0.07032399451491808, 0.07006923949364761, 0.07028889714627329, 0.06990777117886929, 0.0703963011766624, 0.07028383559857805, 0.0700236377635538, 0.06978809873037266, 0.0699491700547926, 0.06986530522364333, 0.07008330011740327, 0.07013921671302406, 0.07023668950047306, 0.07015359092673118, 0.0698164400851561, 0.06936282840689098, 0.06972532125773152, 0.06965563526950927, 0.0699498413478711, 0.06967470438144348, 0.0696358540321164, 0.06941394237660323, 0.06970464968536463, 0.06958778287669776, 0.0696077073943058, 0.06977729346941818, 0.06938948530722598, 0.07022768782094271, 0.06944824087508776, 0.06936351971164571, 0.0698333374281047, 0.06933056304908612, 0.06940505383159927, 0.0693188410421664, 0.0695296594346262, 0.06917444753432364, 0.06956697283124533, 0.06969433671305653, 0.06954194332068467, 0.06951787495853926, 0.06968004281886599, 0.06960821876800949, 0.06937088964582243, 0.06948283068468851, 0.06936942238708714, 0.06982126989815798, 0.0698646244197858, 0.06943386684952661, 0.06969559442891617, 0.069827289005384, 0.06941076643727344, 0.06994155356001974, 0.0693872276284365, 0.06960301413765234, 0.06954381939475283, 0.06963818596741843, 0.06967276219287981, 0.06912927639040381, 0.06964133595436285, 0.06933787240966628, 0.06977181911063993, 0.06967686761565732, 0.07027873474013324, 0.06920763998377052, 0.06974116946109618, 0.06948577073365074, 0.0700386031107469, 0.06935846585912084, 0.06952782237027405, 0.06957857674364039, 0.06955712883864915, 0.07393255547356951, 0.06948022563904148, 0.0695386987927398, 0.06921252976359818, 0.07048255376132073, 0.0694037244250678, 0.0693661232191994, 0.06942594675535355, 0.06964928003479585, 0.06960389884000626, 0.06949732674643247, 0.0693371175868305], "train_metric": [6.82738362135837, 5.25637515051221, 4.939837967082411, 4.801562473940666, 4.706527797917549, 4.608747080731266, 4.563021142275635, 4.534990196376966, 4.518049792949309, 4.491577983258556, 4.493734014602397, 4.471350176933898, 4.466687162008009, 4.456049186609849, 4.457474457922301, 4.443903230151931, 4.440854302742513, 4.439824711853409, 4.431374218223739, 4.413407392458275, 4.430840359481403, 4.425778770723933, 4.422545829344776, 4.4126411422443645, 4.4224018321064325, 4.402850963158947, 4.400682369429568, 4.397991232140624, 4.403179516974347, 4.400962470305261, 4.387990024328177, 4.388323887684335, 4.4059219336825155, 4.391410968110714, 4.38762400071552, 4.392573461302248, 4.382296488217539, 4.394365476053259, 4.390023658910925, 4.382247467745237, 4.385985762986188, 4.388251641168226, 4.378972584388775, 4.386513452116025, 4.379685258732669, 4.378220086278682, 4.378212528001986, 4.381491696744774, 4.375936200453999, 4.369855820223186, 4.374109598414762, 4.362546975433196, 4.3738591912738825, 4.36665901517626, 4.369674356654831, 4.3730512009086056, 4.373166017628268, 4.364786130544299, 4.364258539230473, 4.3572357447079995, 4.371052305641828, 4.36549438066986, 4.369849401817953, 4.375898860844943, 4.430804910262515, 4.370687644163505, 4.363085901379291, 4.368317445762863, 4.35629984413533, 4.3522611098175625, 4.370539394655347, 4.3716091175739615, 4.370483641129826, 4.363734477813425, 4.359214563526487, 4.355708021978168, 4.350003102140239, 4.355948652032457, 4.374887257804882, 4.3626494672606455, 4.353449699009529, 4.3663386506989434, 4.359519356335912, 4.3605672065890415, 4.351844547534753, 4.36373205792191, 4.345712794343854, 4.347790995639774, 4.503544864277108, 4.411096804261412, 4.366676610631689, 4.369072051592556, 4.35246582638972, 4.351413441101003, 4.344581832322305, 4.353298661965729, 4.346876496108458, 4.353361260046193, 4.343935652623563, 4.359941462903693],