{"epoch": 199, "train_loss": [0.14701397121603313, 0.13501298072947165, 0.13085428563528187, 0.12284690099381984, 0.11684994916858632, 0.11489875273022589, 0.1129560997978048, 0.11116420724896885, 0.11031535583422174, 0.11113335982810982, 0.10953619819150741, 0.10956213789215255, 0.10803968329226606, 0.10764960798243768, 0.10802671293764655, 0.10863758698431165, 0.10798871204842647, 0.10776248984201506, 0.10732860160446583, 0.10738761215491066, 0.10663520180372171, 0.10647831466780999, 0.10624014556928493, 0.10639595865032038, 0.10661725520957506, 0.10573577142308373, 0.10607186187562984, 0.10679695377833978, 0.10518424918948302, 0.10612037677041308, 0.10551109373179066, 0.10480328935592977, 0.1042224528292381, 0.10518995887197262, 0.10373800830289266, 0.10445499355095443, 0.10412779235683674, 0.10347473660410753, 0.1039922617408386, 0.10335828256528971, 0.10351159560237909, 0.10259924477625101, 0.10281276013132787, 0.1031822227104262, 0.10253161504279057, 0.10244048757714476, 0.10376491830338558, 0.10325061474564814, 0.10316779510032661, 0.10179228202224298, 0.10159602087788186, 0.10260728671821444, 0.10384556387579598, 0.10280766357631142, 0.10328604437118014, 0.1025073364962657, 0.1018119411111919, 0.10213296160947807, 0.10122997499189001, 0.10106654644142592, 0.10129925309310313, 0.1013732521945212, 0.10062391691593103, 0.10086675375439715, 0.1015831387914945, 0.10084247286533164, 0.10039289904083228, 0.10056650062705752, 0.10036358217745368, 0.10191415793640644, 0.09991503119728971, 0.10034615038914452, 0.10070778660508743, 0.10047737821350972, 0.09986178219058107, 0.10006462658987295, 0.10057197573013181, 0.10027471659745713, 0.10028694095049362, 0.0996052999553722, 0.1000726192408774, 0.10098110523286345, 0.10117420742865733, 0.09967982072757321, 0.0993413755662056, 0.09898199482646051, 0.09941639399814814, 0.09937794272295773, 0.09949563967478849, 0.09890780513333441, 0.09961584932679172, 0.09914950213057505, 0.1013982889758968, 0.10036474219055676, 0.10013546775131767, 0.09851458681722916, 0.09884655745659332, 0.09897208802694837, 0.0991144659542621, 0.09867148189175076, 0.09883844930532197, 0.09881802521418276, 0.09903497060183354, 0.09843404086786586, 0.09882062989161004, 0.09811019835643893, 0.1014144839027563, 0.09794439804866324, 0.09894731673351022, 0.09845801465636257, 0.09850316673647368, 0.0979894955345637, 0.09850087068877365, 0.09838591633144946, 0.09834331166666148, 0.09833953409215769, 0.09889622244121726, 0.0974463744650241, 0.09826426907527916, 0.09997265340199117, 0.10140977415976045, 0.10101446496347152, 0.10115210806308354, 0.10056812091685799, 0.10018607941517142, 0.10054010582282553, 0.09976065731465035, 0.10029038487563487, 0.10014539078593775, 0.09928303553547922, 0.09923358954586838, 0.09951581799437385, 0.09962957423977456, 0.10000576186258199, 0.09917050434121918, 0.09957400387291304, 0.0997872587179513, 0.09951186414368808, 0.09926919151081269, 0.09906903166307633, 0.09928227437245273, 0.09995048447597496, 0.09942836148509812, 0.09948747263464865, 0.09918392088475707, 0.09906400899569541, 0.09863097581800935, 0.09936196939393423, 0.09929117872725407, 0.09927314148979936, 0.09953019221406836, 0.09891329897673369, 0.09894347844816191, 0.09873821065805885, 0.0989890778884617, 0.09901513946628987, 0.09891577393597391, 0.09901641045725502, 0.0987772246310284, 0.0995939481336477, 0.09922978740722331, 0.09978550301628862, 0.09878275331971947, 0.09875245509449572, 0.09838544346359619, 0.09850054299336854, 0.09891435123296805, 0.09840290531451004, 0.09947856281391919, 0.0985445655134047, 0.0985699602480018, 0.0986863504525876, 0.09807915907499572, 0.09879491009696602, 0.09857755548048228, 0.09933086862079962, 0.1022412581084597, 0.09915706785355072, 0.09836166735949996, 0.09932001104261157, 0.09813350315437566, 0.0993148561843618, 0.09847566166559162, 0.09879487560956239, 0.09856238818064528, 0.09850149650500852, 0.09825018471245162, 0.09860608651908724, 0.09833882300093705, 0.09874755446697427, 0.09818411205273007, 0.09798114658963733, 0.09777150094899548, 0.09827126504031852, 0.09886550662559193, 0.09764005871709257, 0.09768414435558444, 0.09811803975089668, 0.09847096461135747, 0.09787899714500102],