{"epoch": 19, "train_loss": [6.514955902586178, 5.676091408242985, 5.3582823568460896, 5.1454392476957675, 4.990127434535903, 4.856613319747302, 4.73943123768787, 4.633453400767579, 4.5368138040815085, 4.44750901144378, 4.3662124750565505, 4.291040354845475, 4.2182601811934495, 4.148534512033268, 4.0787020228347, 4.010369585484875, 3.9433600038898233, 3.8786789738402074, 3.8106411768465627, 3.744488148056731], "valid_loss": [5.891874372959137, 5.575819730758667, 5.365157842636108, 5.230166077613831, 5.143321394920349, 5.039252519607544, 4.993513584136963, 4.91707569360733, 4.873350203037262, 4.827412664890289, 4.7905548214912415, 4.813775360584259, 4.749468445777893, 4.767605841159821, 4.732785284519196, 4.737630784511566, 4.741138339042664, 4.753613591194153, 4.738947689533234, 4.75450724363327], "train_metric": [0.09265540716677297, 0.0508770255762217, 0.03955247737339565, 0.031762993930115994, 0.026277770986751634, 0.022211967667560187, 0.01909999352726531, 0.016621396867401744, 0.014617150312151227, 0.01293003125249123, 0.01152702120099749, 0.010339566035368005, 0.009325005482264927, 0.008440896514581174, 0.0076712745832887095, 0.0069968091053865394, 0.006400117966009646, 0.0058647692612332734, 0.005379876847559092, 0.004961111162146744], "valid_metric": [0.05390423707787662, 0.04254844953508977, 0.03494158706653174, 0.030164003292738946, 0.02675440715532069, 0.023801072998616397, 0.021908809247181853, 0.020280942340355972, 0.018852270286987032, 0.017934567825925212, 0.016959781226790614, 0.016590569873230206, 0.015497990099056516, 0.015504304719287477, 0.015493990688438812, 0.01486858704293996, 0.014588996751775999, 0.014403049011088088, 0.014428833304269167, 0.014500434899048875], "bleu_score": 0.0031218607744129354}