{"epoch": 99, "train_loss": [6.514955902586178, 5.676091408242985, 5.3582823568460896, 5.1454392476957675, 4.990127434535903, 4.856613319747302, 4.73943123768787, 4.633453400767579, 4.5368138040815085, 4.44750901144378, 4.3662124750565505, 4.291040354845475, 4.2182601811934495, 4.148534512033268, 4.0787020228347, 4.010369585484875, 3.9433600038898233, 3.8786789738402074, 3.8106411768465627, 3.744488148056731, 3.6790478168701637, 3.6138404267174855, 3.5469857284000943, 3.479356050491333, 3.4109958118321946, 3.341821985585349, 3.272416681659465, 3.204809519709373, 3.136442925248827, 3.0703845644483763, 3.003473469189235, 2.9386540262066587, 2.8760047360342376, 2.8129045890302073, 2.754450798034668, 2.697137267005687, 2.639215743055149, 2.586371607926427, 2.5321135022202315, 2.4850218892097473, 2.4356849558499394, 2.386587989573576, 2.3444266477409674, 2.3002156700406755, 2.2600430955692214, 2.2213936180484537, 2.182975103660506, 2.147943583678226, 2.1128499142977657, 2.077064593835753, 2.046357954035, 2.0129082208993485, 1.982843157588219, 1.9594058017341458, 1.9326140813681545, 1.9086083593417187, 1.8842935799335947, 1.8626316919618724, 1.843661649494755, 1.8211496752135607, 1.8023248369596443, 1.7848812803930165, 1.769750986780439, 1.7504230275446055, 1.735302249387819, 1.7218268702224808, 1.7129938742335962, 1.7016685203630098, 1.6887052624809498, 1.67789854322161, 1.667800663685312, 1.6610021858799213, 1.655365734684224, 1.6497285883037411, 1.6420902098928178, 1.639604387842879, 1.6346320558567435, 1.6293148586944657, 1.6295588308451128, 1.6253496250327752, 1.6251432694950882, 1.6238571569627644, 1.623834749265593, 1.6236312492769591, 1.6268018563182987, 1.6251932905644786, 1.6287945362986351, 1.6296803221410634, 1.6352469318983507, 1.6424946997846877, 1.643893039348174, 1.6499953750444918, 1.655646521217969, 1.658627369574138, 1.6631030391673653, 1.668621940272195, 1.6769299397663193, 1.6804549645404427, 1.691099567072732, 1.7034316239308338], "valid_loss": [5.891874372959137, 5.575819730758667, 5.365157842636108, 5.230166077613831, 5.143321394920349, 5.039252519607544, 4.993513584136963, 4.91707569360733, 4.873350203037262, 4.827412664890289, 4.7905548214912415, 4.813775360584259, 4.749468445777893, 4.767605841159821, 4.732785284519196, 4.737630784511566, 4.741138339042664, 4.753613591194153, 4.738947689533234, 4.75450724363327, 4.788093030452728, 4.797345876693726, 4.817228853702545, 4.871955573558807, 4.862067222595215, 4.922178626060486, 4.951427578926086, 4.983506441116333, 5.041305899620056, 5.063526749610901, 5.134823560714722, 5.157871186733246, 5.228367984294891, 5.287045538425446, 5.3373982310295105, 5.354246258735657, 5.429872572422028, 5.501278638839722, 5.50932240486145, 5.597524106502533, 5.613523960113525, 5.660742163658142, 5.709418058395386, 5.751489102840424, 5.805732190608978, 5.852521300315857, 5.902348697185516, 5.916345655918121, 5.94208300113678, 6.031282126903534, 6.0113168358802795, 6.070923686027527, 6.081535279750824, 6.114422798156738, 6.101235270500183, 6.162499487400055, 6.1580392718315125, 6.220106065273285, 6.20866858959198, 6.246280789375305, 6.241526246070862, 6.220224916934967, 6.233554303646088, 6.306631028652191, 6.284976124763489, 6.335537254810333, 6.299724876880646, 6.334714651107788, 6.323617696762085, 6.322388291358948, 6.31517630815506, 6.343599438667297, 6.307435572147369, 6.3825690150260925, 6.325799882411957, 6.338661968708038, 6.346031606197357, 6.348555862903595, 6.335119426250458, 6.3247488141059875, 6.360698401927948, 6.30090868473053, 6.338355481624603, 6.325232625007629, 6.31416130065918, 6.308240234851837, 6.338428974151611, 6.311699628829956, 6.287122488021851, 6.257966220378876, 6.306876122951508, 6.234952032566071, 6.271339654922485, 6.242582559585571, 6.230367720127106, 6.213969647884369, 6.238677263259888, 6.232806742191315, 6.186487197875977, 6.1723334193229675], "train_metric": [0.09265540716677297, 0.0508770255762217, 0.03955247737339565, 0.031762993930115994, 0.026277770986751634, 0.022211967667560187, 0.01909999352726531, 0.016621396867401744, 0.014617150312151227, 0.01293003125249123, 0.01152702120099749, 0.010339566035368005, 0.009325005482264927, 0.008440896514581174, 0.0076712745832887095, 0.0069968091053865394, 0.006400117966009646, 0.0058647692612332734, 0.005379876847559092, 0.004961111162146744, 0.00457014626405677, 0.0042181085874596425, 0.003919051776205037, 0.0036263482790577168, 0.003361753624896614, 0.0031320783591757017, 0.002912014524304137, 0.002723023995769267, 0.0025301727559615154, 0.0023782834531822982, 0.0022264188622455206, 0.0020915677158200013, 0.001966611124859305, 0.0018526683219598264, 0.0017503693541701959, 0.0016508786919644074, 0.0015599964479390833, 0.001473579455784389, 0.0013955645640042363, 0.0013210276342898, 0.00125549134974577, 0.0011939659803740833, 0.0011341893830591318, 0.0010789844045833667, 0.0010263228620801654, 0.0009736560924685731, 0.0009301242915951476, 0.0008886989725852499, 0.0008478303594005351, 0.0008112009213895214, 0.0007725874553407942, 0.000739364115559325, 0.0007138119520728828, 0.0006874395961177592, 0.000657991966811978, 0.0006399642295740088, 0.0006160426460966772, 0.0005952622134344918, 0.0005768327368522177, 0.00055767403100009, 0.0005419728097500412, 0.000527264206847366, 0.0005151736460413252, 0.0005006311523184484, 0.0004895101887536357, 0.00048026604170701943, 0.00047380101486128206, 0.00046372976955102416, 0.00045652418788598507, 0.00044867408032319984, 0.000443838900855405, 0.0004378548339921601, 0.0004330051621130668, 0.0004314570427914055, 0.00042752117069400086, 0.0004262603184641624, 0.0004261408098786179, 0.00042351463892021957, 0.00042243441956383844, 0.0004211822461108772, 0.00041982219443029286, 0.00042113156571680184, 0.00042380595075840855, 0.0004287510632008922, 0.00042813926570269527, 0.00043231231580151663, 0.0004351832202989228, 0.00044219315640780393, 0.00044529690494342724, 0.00045473968486396633, 0.00045813541217726105, 0.0004617288819137885, 0.00046948578192263234, 0.0004767048218692997, 0.00048155899437106383, 0.0004887488589968, 0.0004967201774947498, 0.0005062744677374344, 0.0005183862882730912, 0.0005277063291900012],