{"epoch": 19, "train_loss": [5.907389694330644, 4.986835414049577, 4.558249714423199, 4.257319374960296, 4.01388276961385, 3.7974410567964827, 3.590131565016143, 3.3893004728823293, 3.1881917885371616, 2.993018933704921, 2.7934668866955503, 2.595189982531022, 2.4022571541825117, 2.2140743477003917, 2.0336916890679575, 1.8564849787828874, 1.6898531262971916, 1.5346668095004803, 1.3847347753388541, 1.2445339086104412], "valid_loss": [5.2551807676042825, 4.759988580431257, 4.510512828826904, 4.3667112077985495, 4.274644987923758, 4.223048823220389, 4.207475594111851, 4.204237120492118, 4.217681237629482, 4.28496105330331, 4.322274276188442, 4.440186500549316, 4.537473065512521, 4.691768782479422, 4.8192106655665805, 5.023945263453892, 5.143136160714286, 5.336376190185547, 5.460589613233294, 5.674248559134347], "train_metric": [0.2008893380824042, 0.11976963803661113, 0.08645483028092282, 0.06729812656949823, 0.05440871507294324, 0.04521912239541813, 0.03805013229058713, 0.03236727944510324, 0.02779571729731046, 0.024158201708112444, 0.021050666827766264, 0.018493915504922673, 0.016319132383496724, 0.014548162512735666, 0.012991191219539643, 0.011613542422859037, 0.010257428442507373, 0.009117945151723972, 0.008088511839965958, 0.0071018954663733995], "valid_metric": [0.14196311780954463, 0.1064524102636198, 0.08936784775473217, 0.08308363793680479, 0.08017341037251577, 0.08321207589712142, 0.08802766724530553, 0.09289980504547417, 0.10127825139966777, 0.11328500648438218, 0.12190575519890705, 0.14020183441897136, 0.15923507670791606, 0.18294233520979125, 0.20550761264044257, 0.23974926670282767, 0.2662140891314824, 0.3039933583560641, 0.32018106512822614, 0.3690772893828139], "bleu_score": 0.014273685082766885}