{"epoch": 19, "train_loss": [5.537414884080692, 4.780544137468143, 4.551897902877963, 4.389027138145602, 4.255955941823064, 4.1368869457926065, 4.025706905491498, 3.924185883025734, 3.8225653913556314, 3.7227320610260475, 3.6235427382040997, 3.520490584324817, 3.422310465452622, 3.3228896406232096, 3.2275663225018247, 3.130405612137853, 3.0349896087938424, 2.940108676345981, 2.8482193253478227, 2.759729364696814], "valid_loss": [4.971448540687561, 4.771261215209961, 4.661536335945129, 4.542765021324158, 4.488026797771454, 4.460642695426941, 4.432489514350891, 4.412697076797485, 4.415502727031708, 4.403239905834198, 4.405697047710419, 4.42592716217041, 4.456600069999695, 4.455107688903809, 4.476988971233368, 4.551335036754608, 4.583964943885803, 4.632449150085449, 4.6822739243507385, 4.7376397252082825], "train_metric": [0.07198297639807877, 0.03836226774877431, 0.030832279341909446, 0.025706088431222098, 0.02184657374167929, 0.018804266251544563, 0.016264501965581154, 0.014192177681436343, 0.01245293182061643, 0.010979093452160357, 0.00974990967108279, 0.008688004496048908, 0.007785406909864776, 0.007022632658822196, 0.006371198545961964, 0.005819197252234634, 0.005333658956410934, 0.004919619103645792, 0.004540528610166707, 0.004208691384062475], "valid_metric": [0.043142828093203446, 0.036064784837075946, 0.03183704569662067, 0.029246929782594265, 0.027594391261897926, 0.026218947550209558, 0.02486549623334333, 0.024386151302976715, 0.0243961315345953, 0.023440107807784227, 0.02315693365283144, 0.022852306389045486, 0.023179773832754838, 0.022906159961227537, 0.022796146542623928, 0.023765941700019035, 0.023289032368465377, 0.024025782966047293, 0.02415286353575673, 0.025022719079755004], "bleu_score": 0.024258578374473767}