{"epoch": 99, "train_loss": [5.575419924697098, 4.793439918634843, 4.407471306469976, 4.090557336807251, 3.7985534412520274, 3.519881297130974, 3.251104341477764, 2.994334403349429, 2.7410595794113313, 2.5084048229820874, 2.280832891561547, 2.0642055066264406, 1.8708022528765154, 1.6871877428220243, 1.526154847169409, 1.377326518905406, 1.2499259740722424, 1.1330681765566066, 1.0317809672988192, 0.9396135153210893, 0.8625846745408311, 0.7970303707585042, 0.7386262392511174, 0.6921861895493099, 0.6490279401139337, 0.612572254422976, 0.5841488255834093, 0.5561367674749724, 0.5347675427186246, 0.5233368913129884, 0.5110077839724871, 0.4955828332779359, 0.48517685642047803, 0.47734156463827404, 0.47264906201435597, 0.46769227148318776, 0.4641579646541148, 0.4597409779624063, 0.4605827355871395, 0.45865120343407806, 0.45793458910620943, 0.458672038906691, 0.4627740223492895, 0.4669298692321291, 0.4670487035598074, 0.4691318367816964, 0.47076830648037854, 0.4697598513900017, 0.47418116017871975, 0.4819533902467514, 0.48033932246723954, 0.4855996084456541, 0.4884592829918375, 0.4915079220521207, 0.4973166785678085, 0.5000592775794924, 0.5032121180271616, 0.5069708638653463, 0.5119646314759644, 0.5201795085960504, 0.5246218237645772, 0.5307771315684124, 0.537517822822746, 0.5387885584210863, 0.5430276016799771, 0.5488055772623237, 0.5544156756023971, 0.5598333731901889, 0.5636535670076098, 0.5702303191836999, 0.57236092279152, 0.5778820722991106, 0.5777943572219537, 0.583995228975403, 0.5902509497744697, 0.5987740855435936, 0.6049570573531852, 0.6107408199079183, 0.6041905206381059, 0.5981709481197961, 0.6233786347569251, 0.6343621768209399, 0.6368029824629122, 0.6378995894777532, 0.6396039777568409, 0.6325563394597599, 0.6347964152085538, 0.6520940307147649, 0.6607618420099726, 0.6706050591809409, 0.6829365853752408, 0.6937937721305963, 0.6932909303173727, 0.7000432865960258, 0.7004934889929635, 0.7019675821065903, 0.7115236946514675, 0.720301585842152, 0.7303776604180433, 0.7150692504887678], "valid_loss": [5.031373296465192, 4.747990471976144, 4.637048653193882, 4.616477421351841, 4.6113296917506625, 4.637553828103202, 4.701082161494663, 4.777129650115967, 4.877395016806466, 4.957960673740932, 5.064252308436802, 5.162138530186245, 5.274752344403948, 5.395341191973005, 5.5233034406389505, 5.6452750478472025, 5.77361604145595, 5.878398486546108, 6.012505940028599, 6.127757413046701, 6.242443697793143, 6.379285131181989, 6.503719874790737, 6.606845787593296, 6.732893535069057, 6.8366868155343195, 6.9263443265642435, 7.06321770804269, 7.142443111964634, 7.221323694501605, 7.3289682524544855, 7.419708320072719, 7.488691125597272, 7.573575496673584, 7.623282841273716, 7.7121599061148505, 7.778868743351528, 7.853232724325998, 7.906807831355503, 8.010585989270892, 8.018674373626709, 8.08057791846139, 8.125543321881976, 8.168678624289376, 8.224860804421562, 8.269909994942802, 8.29091249193464, 8.357250145503453, 8.407187257494245, 8.44889565876552, 8.46750020980835, 8.484786919185094, 8.545893737248011, 8.602522850036621, 8.633120945521764, 8.64821652003697, 8.68913037436349, 8.720552444458008, 8.69042682647705, 8.775164876665388, 8.809075628008161, 8.833876064845494, 8.83680180140904, 8.834524427141462, 8.87602697099958, 8.899428640093122, 8.862363542829241, 8.926800182887487, 8.959981918334961, 8.98724092755999, 8.964407784598214, 8.989165033612933, 8.99573026384626, 8.993998800005231, 9.019011088779994, 9.009214401245117, 9.077641759599958, 9.019217763628278, 9.087640626089913, 9.088475636073522, 9.118628910609655, 9.09997204371861, 9.105005945478167, 9.082327706473214, 9.093991824558803, 9.119015148707799, 9.101344244820732, 9.148036548069545, 9.151441710335869, 9.145782334463936, 9.121604919433594, 9.123241697038923, 9.139868600027901, 9.169752529689244, 9.186536516462054, 9.166160038539342, 9.167988913399833, 9.15078844342913, 9.164993149893624, 9.164352416992188], "train_metric": [0.1738248135964148, 0.0700764758113939, 0.03397099119225327, 0.01697944413321359, 0.008595136525679607, 0.004544709277153171, 0.00243744831240907, 0.0013804000130478217, 0.0008009791924208573, 0.0004729205694003981, 0.0002872973982655272, 0.00016829028613905535, 0.00011284806397496438, 7.015655553196484e-05, 4.8386000355287476e-05, 3.097189147797368e-05, 2.1420207602671428e-05, 1.5107541804057515e-05, 1.0494725441142004e-05, 7.196918039361094e-06, 4.894231783766582e-06, 4.517604846860609e-06, 2.5853013975266956e-06, 2.9311793995544774e-06, 1.6730070145496604e-06, 1.453070082910815e-06, 9.62762403472954e-07, 6.727598456956756e-07, 5.437589013397846e-07, 5.409285701740424e-07, 1.058029374677916e-06, 3.9784890295443484e-07, 2.6068387837347733e-07, 2.317926184881061e-07, 2.1062599651857602e-07, 1.6062042229466475e-07, 1.738799635881596e-07, 1.2335195656324147e-07, 1.3166143660876517e-07, 1.0251219604135852e-07, 1.0207789162984196e-07, 7.655857755087724e-08, 9.312627674318014e-08, 1.2584381217697674e-07, 5.682570485182867e-08, 5.1315958978670034e-08, 5.770988012212614e-08, 4.454576454976471e-08, 4.069769066017197e-08, 3.553417198723784e-08, 4.94644232213079e-08, 3.0781066102585825e-08, 5.515449950043872e-08, 6.532081238058147e-08, 3.9347356057022605e-08, 4.270561512830496e-08, 2.3589904425423404e-08, 2.502471020882379e-08, 2.092929529654377e-08, 3.734890963101494e-08, 2.5285409658919184e-08, 2.2694609888784786e-08, 1.989967419590079e-08, 2.145642799126906e-08, 1.9347255598819878e-08, 1.9302862083523265e-08, 1.73977036557721e-08, 1.6756404977652946e-08, 3.088709256350125e-08, 1.6716467423010523e-08, 1.4380359255912533e-08, 1.7240135002422753e-08, 1.5256070072248096e-08, 2.692293243872344e-08, 1.5683006897969096e-08, 7.501992053243603e-07, 3.1680595512829756e-08, 1.6352896495725477e-08, 2.4368957717514216e-08, 3.4503284410240125e-08, 2.0267922036307437e-08, 4.5771818152927004e-07, 1.4361866539859745e-08, 4.8722584251663645e-08, 2.5762380167633837e-08, 1.5118051473554985e-08, 1.4776969480723837e-08, 8.690880319164183e-08, 1.6934645721697567e-08, 1.6017680394056974e-08, 1.6623343825423426e-08, 9.726495330831796e-08, 3.323883739595862e-08, 1.70965203473883e-08, 1.5856079945497558e-08, 1.769838516407659e-08, 3.640879859241457e-08, 2.490230382711755e-08, 6.140828217416574e-08, 1.5141490286475103e-08],